Unnamed: 0,학정번호,과목명,분반,학년,연계,이수,학점,시수,담당교수,"강의시간 (요일,교시)",강의유형,외국인재학생,국내재학생,선수과목
0,0000-1-8128-01,광운인되기,외국인학생 수강불가,,Null,교필,1,1,김정권,Null,"원격수업100,융합강의 1학기 또는 2학기 이수",,,
1,0000-1-8128-02,광운인되기,외국인만 수강가능,,Null,교선,1,1,한재현,금2,외국인전용,,,
2,7000-1-3362-01,대학영어,"전자정보 공과대학 공통(E1~E8,J1~J4, T1~T2)",,Null,교필,3,3,고현아,"월1,수2",Null,,,
3,7000-1-3362-02,대학영어,"전자정보 공과대학 공통(E1~E8,J1~J4, T1~T2)",,Null,교필,3,3,신동선,"월2,수1",Null,,,
4,7000-1-3362-03,대학영어,"전자정보 공과대학 공통(E1~E8,J1~J4, T1~T2)",,Null,교필,3,3,조성은,"월3,수4",Null,,,
5,7000-1-3362-04,대학영어,"전자정보 공과대학 공통(E1~E8,J1~J4, T1~T2)",,Null,교필,3,3,고현아,"월4,수3",Null,,,
6,7000-1-3362-05,대학영어,"전자정보 공과대학 공통(E1~E8,J1~J4, T1~T2)",,Null,교필,3,3,유수진,"월5,수6",Null,,,
7,7000-1-3362-06,대학영어,"전자정보 공과대학 공통(E1~E8,J1~J4, T1~T2)",,Null,교필,3,3,손영희,"월6,수5",Null,,,
8,7000-1-3362-07,대학영어,"전자정보 공과대학 공통(E1~E8,J1~J4, T1~T2)",,Null,교필,3,3,김은주,"화1,목2",Null,,,
9,7000-1-3362-08,대학영어,"전자정보 공과대학 공통(E1~E8,J1~J4, T1~T2)",,Null,교필,3,3,박소현,"화2,목1",Null,,,
10,7000-1-3362-09,대학영어,"전자정보 공과대학 공통(E1~E8,J1~J4, T1~T2)",,Null,교필,3,3,정관희,"화3,목4",Null,,,
11,7000-1-3362-10,대학영어,"전자정보 공과대학 공통(E1~E8,J1~J4, T1~T2)",,Null,교필,3,3,조윤주,"화4,목3",Null,,,
12,7000-1-3362-11,대학영어,"전자정보 공과대학 공통(E1~E8,J1~J4, T1~T2)",,Null,교필,3,3,강희원,"화5,목6",Null,,,
13,7000-1-3362-12,대학영어,"전자정보 공과대학 공통(E1~E8,J1~J4, T1~T2)",,Null,교필,3,3,김경옥,"화6,목5",Null,,,
14,7000-1-3362-13,대학영어,"전자정보 공과대학 공통(E1~E8,J1~J4, T1~T2)",,Null,교필,3,3,김지희,"금1,2",Null,,,
15,7000-1-3362-14,대학영어,"전자정보 공과대학 공통(E1~E8,J1~J4, T1~T2)",,Null,교필,3,3,목승혜,"금3,4",Null,,,
16,7000-1-3362-15,대학영어,"전자정보 공과대학 공통(E1~E8,J1~J4, T1~T2)",,Null,교필,3,3,장미정,"금5,6",Null,,,
17,7000-1-3362-16,대학영어,"전자정보 공과대학 공통(E1~E8,J1~J4, T1~T2)",,Null,교필,3,3,김연정,"월3,수4",Null,,,
18,7000-1-3362-17,대학영어,"전자정보 공과대학 공통(E1~E8,J1~J4, T1~T2)",,Null,교필,3,3,Null,"월4,수3",Null,,,
19,6000-1-3362-01,대학영어,"자연과학대학 공통 (N1~N5,P1)",,Null,교필,3,3,최정윤,"월6,수5",Null,,,
20,6000-1-3362-02,대학영어,"자연과학대학 공통 (N1~N5,P1)",,Null,교필,3,3,이종국,"화4,목3",Null,,,
21,6000-1-3362-03,대학영어,"자연과학대학 공통 (N1~N5,P1)",,Null,교필,3,3,박용준,"화5,목6",Null,,,
22,6000-1-3362-04,대학영어,"자연과학대학 공통 (N1~N5,P1)",,Null,교필,3,3,조혜경,"금1,2",Null,,,
23,6000-1-3362-05,대학영어,"자연과학대학 공통 (N1~N5,P1)",,Null,교필,3,3,고현아,"금3,4",Null,,,
24,6000-1-3362-06,대학영어,"자연과학대학 공통 (N1~N5,P1)",,Null,교필,3,3,김보식,"금5,6",Null,,,
25,F000-1-3362-01,대학영어,"정책법학대학 공통 (S1~S3,L1~L3)",,Null,교필,3,3,Null,"월4,수3",Null,,,
26,F000-1-3362-02,대학영어,"정책법학대학 공통 (S1~S3,L1~L3)",,Null,교필,3,3,Null,"월5,수6",Null,,,
27,F000-1-3362-03,대학영어,"정책법학대학 공통 (S1~S3,L1~L3)",,Null,교필,3,3,유선영,"화1,목2",Null,,,
28,F000-1-3362-04,대학영어,"정책법학대학 공통 (S1~S3,L1~L3)",,Null,교필,3,3,신승한,"화2,목1",Null,,,
29,F000-1-3362-05,대학영어,"정책법학대학 공통 (S1~S3,L1~L3)",,Null,교필,3,3,오경애,"화3,목4",Null,,,
30,F000-1-3362-06,대학영어,"정책법학대학 공통 (S1~S3,L1~L3)",,Null,교필,3,3,오경애,"화6,목5",Null,,,
31,F000-1-3362-07,대학영어,"정책법학대학 공통 (S1~S3,L1~L3)",,Null,교필,3,3,박미경,"금3,4",Null,,,
32,0000-1-3362-01,대학영어,외국인만 수강가능,,Null,교선,3,3,이지혜,"금1,2",외국인전용,,,
33,I000-1-3095-01,융합적사고와글쓰기,"인공지능 융합대학 공통 (C1~C9,J5~J8)",,Null,교필,3,3,박주은,"월1,수2",Null,,,
34,I000-1-3095-02,융합적사고와글쓰기,"인공지능 융합대학 공통 (C1~C9,J5~J8)",,Null,교필,3,3,김강은,"월2,수1",Null,,,
35,I000-1-3095-03,융합적사고와글쓰기,"인공지능 융합대학 공통 (C1~C9,J5~J8)",,Null,교필,3,3,공혜란,"월3,수4",Null,,,
36,I000-1-3095-04,융합적사고와글쓰기,"인공지능 융합대학 공통 (C1~C9,J5~J8)",,Null,교필,3,3,Null,"월4,수3",Null,,,
37,I000-1-3095-05,융합적사고와글쓰기,"인공지능 융합대학 공통 (C1~C9,J5~J8)",,Null,교필,3,3,정재훈,"월5,수6",Null,,,
38,I000-1-3095-06,융합적사고와글쓰기,"인공지능 융합대학 공통 (C1~C9,J5~J8)",,Null,교필,3,3,추선진,"월6,수5",Null,,,
39,I000-1-3095-07,융합적사고와글쓰기,"인공지능 융합대학 공통 (C1~C9,J5~J8)",,Null,교필,3,3,김학현,"화1,목2",Null,,,
40,I000-1-3095-08,융합적사고와글쓰기,"인공지능 융합대학 공통 (C1~C9,J5~J8)",,Null,교필,3,3,김광섭,"화2,목1",Null,,,
41,I000-1-3095-09,융합적사고와글쓰기,"인공지능 융합대학 공통 (C1~C9,J5~J8)",,Null,교필,3,3,조영복,"화3,목4",Null,,,
42,I000-1-3095-10,융합적사고와글쓰기,"인공지능 융합대학 공통 (C1~C9,J5~J8)",,Null,교필,3,3,허진혁,"화4,목3",Null,,,
43,I000-1-3095-11,융합적사고와글쓰기,"인공지능 융합대학 공통 (C1~C9,J5~J8)",,Null,교필,3,3,김문정,"화5,목6",Null,,,
44,I000-1-3095-12,융합적사고와글쓰기,"인공지능 융합대학 공통 (C1~C9,J5~J8)",,Null,교필,3,3,이은란,"화6,목5",Null,,,
45,I000-1-3095-13,융합적사고와글쓰기,"인공지능 융합대학 공통 (C1~C9,J5~J8)",,Null,교필,3,3,김영범,"금1,2",Null,,,
46,I000-1-3095-14,융합적사고와글쓰기,"인공지능 융합대학 공통 (C1~C9,J5~J8)",,Null,교필,3,3,정영호,"금3,4",Null,,,
47,1000-1-3095-01,융합적사고와글쓰기,"공과대학 공통 (A1~A2,K1~K3)",,Null,교필,3,3,소유정,"월3,수4",Null,,,
48,1000-1-3095-02,융합적사고와글쓰기,"공과대학 공통 (A1~A2,K1~K3)",,Null,교필,3,3,이혜정,"월6,수5",Null,,,
49,1000-1-3095-03,융합적사고와글쓰기,"공과대학 공통 (A1~A2,K1~K3)",,Null,교필,3,3,이소망,"화1,목2",Null,,,
50,1000-1-3095-04,융합적사고와글쓰기,"공과대학 공통 (A1~A2,K1~K3)",,Null,교필,3,3,박보름,"화3,목4",Null,,,
51,1000-1-3095-05,융합적사고와글쓰기,"공과대학 공통 (A1~A2,K1~K3)",,Null,교필,3,3,김주상,"화4,목3",Null,,,
52,1000-1-3095-06,융합적사고와글쓰기,"공과대학 공통 (A1~A2,K1~K3)",,Null,교필,3,3,이은경,"금1,2",Null,,,
53,3000-1-3095-01,융합적사고와글쓰기,"인문사회 과학대학 공통 (R1~R5,M1~M2)",,Null,교필,3,3,김승래,"월1,수2",Null,,,
54,3000-1-3095-02,융합적사고와글쓰기,"인문사회 과학대학 공통 (R1~R5,M1~M2)",,Null,교필,3,3,안웅선,"월2,수1",Null,,,
55,3000-1-3095-03,융합적사고와글쓰기,"인문사회 과학대학 공통 (R1~R5,M1~M2)",,Null,교필,3,3,김민지,"월3,수4",Null,,,
56,3000-1-3095-04,융합적사고와글쓰기,"인문사회 과학대학 공통 (R1~R5,M1~M2)",,Null,교필,3,3,전도현,"월4,수3",Null,,,
57,3000-1-3095-05,융합적사고와글쓰기,"인문사회 과학대학 공통 (R1~R5,M1~M2)",,Null,교필,3,3,유승호,"월5,수6",Null,,,
58,3000-1-3095-06,융합적사고와글쓰기,"인문사회 과학대학 공통 (R1~R5,M1~M2)",,Null,교필,3,3,문장원,"월6,수5",Null,,,
59,3000-1-3095-07,융합적사고와글쓰기,"인문사회 과학대학 공통 (R1~R5,M1~M2)",,Null,교필,3,3,Null,"화1,목2",Null,,,
60,3000-1-3095-08,융합적사고와글쓰기,"인문사회 과학대학 공통 (R1~R5,M1~M2)",,Null,교필,3,3,천유철,"금5,6",Null,,,
61,5000-1-3095-01,융합적사고와글쓰기,경영대학 공통 (B1~B6),,Null,교필,3,3,이란,"월1,수2",Null,,,
62,5000-1-3095-02,융합적사고와글쓰기,경영대학 공통 (B1~B6),,Null,교필,3,3,이소정,"월2,수1",Null,,,
63,5000-1-3095-03,융합적사고와글쓰기,경영대학 공통 (B1~B6),,Null,교필,3,3,송치혁,"화3,목4",Null,,,
64,5000-1-3095-04,융합적사고와글쓰기,경영대학 공통 (B1~B6),,Null,교필,3,3,박상현,"화5,목6",Null,,,
65,5000-1-3095-05,융합적사고와글쓰기,경영대학 공통 (B1~B6),,Null,교필,3,3,이주영,"화6,목5",Null,,,
66,5000-1-3095-06,융합적사고와글쓰기,경영대학 공통 (B1~B6),,Null,교필,3,3,신정은,"금3,4",Null,,,
67,5000-1-3095-07,융합적사고와글쓰기,경영대학 공통 (B1~B6),,Null,교필,3,3,최동일,"금5,6",Null,,,
68,0000-1-3095-01,융합적사고와글쓰기,외국인만 수강가능,,Null,교선,3,3,최수현,"목5,6",외국인전용,,,
69,7060-1-0019-01,C프로그래밍,전자(E1),,Null,교필,3,3,김상곤,"화1,목2",Null,,,
70,7060-1-0019-02,C프로그래밍,전자(E2),,Null,교필,3,3,고철영,"화2,목1",Null,,,
71,7060-1-0019-03,C프로그래밍,전자(E3),,Null,교필,3,3,고철영,"화3,목4",Null,,,
72,7060-1-0019-04,C프로그래밍,전자(E4),,Null,교필,3,3,고철영,"화4,목3",Null,,,
73,7070-1-0019-01,C프로그래밍,전통(E5),,Null,교필,3,3,Null,"화5,목6",Null,,,
74,7070-1-0019-02,C프로그래밍,전통(E6),,Null,교필,3,3,Null,"화6,목5",Null,,,
75,7420-1-0019-01,C프로그래밍,전융(E7),,Null,교필,3,3,Null,"월1,수2",Null,,,
76,7420-1-0019-02,C프로그래밍,전융(E8),,Null,교필,3,3,Null,"월2,수1",Null,,,
77,7320-1-0019-01,C프로그래밍,전기(J1),,Null,교필,3,3,Null,"월3,수4",Null,,,
78,7320-1-0019-02,C프로그래밍,전기(J2),,Null,교필,3,3,서창옥,"월4,수3",Null,,,
79,7340-1-0019-01,C프로그래밍,전재(J3),,Null,교필,3,3,남기현,"월5,수6",Null,,,
80,7340-1-0019-02,C프로그래밍,전재(J4),,Null,교필,3,3,노현아,"금1,2",Null,,,
81,7460-1-0019-01,C프로그래밍,반도체(T1),,Null,교필,3,3,황치곤,"월6,수5",Null,,,
82,7460-1-0019-02,C프로그래밍,반도체(T2),,Null,교필,3,3,이찬수,"금5,6",Null,,,
83,I020-1-0019-01,C프로그래밍,컴정(C1),,Null,교필,3,3,유지현,"월3,수4",Null,,,
84,I020-1-0019-02,C프로그래밍,컴정(C2),,Null,교필,3,3,이우신,"화4,목3",Null,,,
85,I020-1-0019-03,C프로그래밍,컴정(C3),,Null,교필,3,3,이우신,"화5,목6",Null,,,
86,I030-1-0019-01,C프로그래밍,소프트(C4~C6),,Null,교필,3,3,Null,"월4,수3",Null,,,
87,I030-1-0019-02,C프로그래밍,소프트(C4~C6),,Null,교필,3,3,김동훈,"월5,수6",Null,,,
88,I030-1-0019-03,C프로그래밍,소프트(C4~C6),,Null,교필,3,3,안우현,"월6,수5",Null,,,
89,I050-1-0019-01,C프로그래밍,로봇(J5),,Null,교필,3,3,Null,"월2,수1",Null,,,
90,I050-1-0019-02,C프로그래밍,로봇(J6),,Null,교필,3,3,서창옥,"월3,수4",Null,,,
91,I050-1-0019-03,C프로그래밍,로봇(J7),,Null,교필,3,3,서창옥,"월6,수5",Null,,,
92,I050-1-0019-04,C프로그래밍,로봇(J8),,Null,교필,3,3,Null,"화2,목1",Null,,,
93,I040-1-8610-01,프로그래밍기초,정융(C7~C9),,Null,교필,3,3,Null,"화3,목4",Null,,,
94,I040-1-8610-02,프로그래밍기초,정융(C7~C9),,Null,교필,3,3,김수환,"화5,목6",Null,,,
95,I040-1-8610-03,프로그래밍기초,정융(C7~C9),,Null,교필,3,3,Null,"화4,목3",Null,,,
96,1000-1-4432-01,인공지능과컴퓨팅사고,건축(A1),,Null,교필,3,3,이롤랜드,"화5,목6",영어100%,,,
97,1000-1-4432-02,인공지능과컴퓨팅사고,건공(A2),,Null,교필,3,3,Null,"화6,목5",Null,,,
98,1000-1-4432-03,인공지능과컴퓨팅사고,화공(K1),,Null,교필,3,3,김선곤,"금3,4",Null,,,
99,1000-1-4432-04,인공지능과컴퓨팅사고,화공(K2),,Null,교필,3,3,박세영,"금3,4",Null,,,
100,1000-1-4432-05,인공지능과컴퓨팅사고,환경(K3),,Null,교필,3,3,박세영,"금5,6",Null,,,
101,6000-1-4432-01,인공지능과컴퓨팅사고,수학(N1),,Null,교필,3,3,정진범,"월3,수4",Null,,,
102,6000-1-4432-02,인공지능과컴퓨팅사고,전물(N2),,Null,교필,3,3,Null,"월2,수1",Null,,,
103,6000-1-4432-03,인공지능과컴퓨팅사고,"수학,전물,화학 (N1,N3,N5)",,Null,교필,3,3,정진범,"월1,수2",Null,,,
104,6000-1-4432-04,인공지능과컴퓨팅사고,화학(N4),,Null,교필,3,3,정진범,"월4,수3",Null,,,
105,6000-1-4432-05,인공지능과컴퓨팅사고,스포츠(P1),,Null,교필,3,3,최상근,"월5,수6",Null,,,
106,3000-1-4432-01,인공지능과컴퓨팅사고,국문(R1),,Null,교필,3,3,윤대열,"금3,4",Null,,,
107,3000-1-4432-02,인공지능과컴퓨팅사고,영산(R2),,Null,교필,3,3,이롤랜드,"화2,목1",영어100%,,,
108,3000-1-4432-03,인공지능과컴퓨팅사고,산심(R3),,Null,교필,3,3,정태원,"화3,목4",Null,,,
109,3000-1-4432-04,인공지능과컴퓨팅사고,미디어(M1),,Null,교필,3,3,이롤랜드,"화4,목3",영어100%,,,
110,3000-1-4432-05,인공지능과컴퓨팅사고,미디어(M2),,Null,교필,3,3,김덕은,"금1,2",Null,,,
111,3000-1-4432-06,인공지능과컴퓨팅사고,동문산(R4),,Null,교필,3,3,스레스터바누,"화6,목5",Null,,,
112,3000-1-4432-07,인공지능과컴퓨팅사고,동문산(R5),,Null,교필,3,3,스레스터바누,"화5,목6",Null,,,
113,F000-1-4432-01,인공지능과컴퓨팅사고,행정(S1),,Null,교필,3,3,염귀덕,"금5,6",Null,,,
114,F000-1-4432-02,인공지능과컴퓨팅사고,"행정,국제 (S2,S3)",,Null,교필,3,3,윤대열,"금5,6",Null,,,
115,F000-1-4432-03,인공지능과컴퓨팅사고,법(L1~L3),,Null,교필,3,3,스레스터바누,"화4,목3",Null,,,
116,F000-1-4432-04,인공지능과컴퓨팅사고,법(L1~L3),,Null,교필,3,3,김지명,"화5,목6",Null,,,
117,F000-1-4432-05,인공지능과컴퓨팅사고,법(L1~L3),,Null,교필,3,3,박세영,"금1,2",Null,,,
118,5000-1-4432-01,인공지능과컴퓨팅사고,경영(B1),,Null,교필,3,3,문만기,"월4,수3",Null,,,
119,5000-1-4432-02,인공지능과컴퓨팅사고,경영(B2),,Null,교필,3,3,Null,"월5,수6",Null,,,
120,5000-1-4432-03,인공지능과컴퓨팅사고,경영(B3),,Null,교필,3,3,손광철,"월6,수5",Null,,,
121,5000-1-4432-04,인공지능과컴퓨팅사고,"경영,국통 (B4,B6)",,Null,교필,3,3,정태원,"화1,목2",Null,,,
122,5000-1-4432-05,인공지능과컴퓨팅사고,국통(B5),,Null,교필,3,3,정태원,"화2,목1",Null,,,
123,0000-1-4929-01,경영과컴퓨터,경영(B1~B4),,Null,교선,3,3,서상구,"월3,수4",Null,,,
124,0000-1-3403-01,고급프로그래밍,로봇 2학년 택 1,,Null,교선,3,3,정문호,"화6,목5",Null,,,
125,0000-2-3679-01,자바프로그래밍,로봇 2학년 택 1,,Null,교선,3,3,문석재,"월6,수5",Null,,,
126,0000-1-5909-01,공학과디자인,Null,,Null,교선,3,3,유미란,"화5,목6",Null,,,
127,0000-1-5909-02,공학과디자인,Null,,Null,교선,3,3,엄은영,"화3,목4",Null,,,
128,0000-1-5909-03,공학과디자인,Null,,Null,교선,3,3,윤무현,"월3,수4",Null,,,
129,0000-1-4283-01,공학교양세미나,1학년만 수강가능,,Null,교선,3,3,김충혁,"월1,2","소규모강의,세미나강의",,,
130,0000-1-4283-02,공학교양세미나,1학년만 수강가능,,Null,교선,3,3,권순철,"화5,목6","소규모강의,세미나강의",,,
131,0000-1-3669-01,기초C프로그래밍,외국인만 수강가능,,Null,교선,3,3,Null,"화3,목4",외국인전용,,,
132,0000-1-4102-01,블록체인의이해,Null,,Null,교선,3,3,김길래,"월3,수4",Null,,,
133,0000-1-4102-02,블록체인의이해,Null,,Null,교선,3,3,정진우,"금3,4",Null,,,
134,0000-1-9340-01,빅데이터의이해,Null,,Null,교선,3,3,Null,"월1,수2",Null,,,
135,0000-1-9340-02,빅데이터의이해,Null,,Null,교선,3,3,Null,"월2,수1",Null,,,
136,0000-1-4099-01,사진편집기술,Null,,Null,교선,3,3,하마처,목4,"영어100,원격수업50이상",,,
137,0000-1-4099-02,사진편집기술,Null,,Null,교선,3,3,임준영,"화4,목3",Null,,,
138,0000-1-7461-01,상상공학과표현,Null,,Null,교선,3,3,김형국,"화3,목4",Null,,,
139,0000-1-7461-02,상상공학과표현,Null,,Null,교선,3,3,김형국,"화4,목3",Null,,,
140,0000-1-4103-01,생명과기술,Null,,Null,교선,3,3,박경순,"월6,수5",Null,,,
141,0000-1-5674-01,생활속의과학,Null,,Null,교선,3,3,김충혁,Null,원격수업100%,,,
142,0000-1-5674-02,생활속의과학,Null,,Null,교선,3,3,이도남,"월4,수3",Null,,,
143,0000-1-5674-03,생활속의과학,Null,,Null,교선,3,3,김상목,"월6,수5",Null,,,
144,0000-1-4101-01,인공지능의이해,Null,,Null,교선,3,3,조수영,"화3,목4",Null,,,
145,0000-1-4101-02,인공지능의이해,Null,,Null,교선,3,3,Null,"월1,수2",Null,,,
146,0000-1-4101-03,인공지능의이해,참빛인재대학 전용,,Null,교선,3,3,Null,"토1,2",Null,,,
147,0000-1-1640-01,컴퓨터개론,재수강용,,Null,교선,3,3,스레스터바누,"금1,2",Null,,,
148,0000-1-3293-01,컴퓨터활용,Null,,Null,교선,3,3,이롤랜드,"화6,목5",영어50%,,,
149,0000-1-3293-02,컴퓨터활용,외국인만 수강가능,,Null,교선,3,3,이롤랜드,"화1,목2","영어70,외국인전용",,,
150,0000-1-4125-01,파이썬프로그래밍기초,Null,,Null,교선,3,3,이강성,"월2,수1",Null,,,
151,0000-1-4125-02,파이썬프로그래밍기초,Null,,Null,교선,3,3,이강성,"월1,수2",Null,,,
152,0000-2-5714-01,고급C프로그래밍및설계,전기 2학년,,Null,교선,3,3,이건영,"월4,수3",Null,,,
153,0000-2-5714-02,고급C프로그래밍및설계,전기 2학년,,Null,교선,3,3,이건영,"월6,수5",Null,,,
154,0000-2-6957-01,디지털사운드제작,Null,,Null,교선,3,3,고병량,"화3,목4",Null,,,
155,0000-2-6957-02,디지털사운드제작,Null,,Null,교선,3,3,홍민의,"화4,목3",Null,,,
156,0000-2-3298-01,모바일프로그래밍기초,Null,,Null,교선,3,3,정영희,"월3,수4",Null,,,
157,0000-2-9251-01,신기술과미래사회,Null,,Null,교선,3,3,김충혁,"월4,수3",Null,,,
158,0000-2-9251-02,신기술과미래사회,참빛인재대학 전용,,Null,교선,3,3,원일석,"토3,4",Null,,,
159,0000-2-3029-01,인터넷활용,Null,,Null,교선,3,3,정승권,"월2,수1",Null,,,
160,0000-2-3029-02,인터넷활용,Null,,Null,교선,3,3,정태원,"화4,목3",Null,,,
161,0000-2-3029-03,인터넷활용,Null,,Null,교선,3,3,유소율,"월3,수4",Null,,,
162,0000-2-3029-04,인터넷활용,Null,,Null,교선,3,3,Null,"월4,수3",Null,,,
163,0000-2-2991-01,자연과학사,Null,,Null,교선,3,3,박봉주,"금3,4",영어50?,,,
164,0000-2-2991-02,자연과학사,Null,,Null,교선,3,3,박경순,"월3,수4",Null,,,
165,0000-2-2994-01,환경과생태,Null,,Null,교선,3,3,양재규,"월3,수4",Null,,,
166,0000-2-2994-02,환경과생태,Null,,Null,교선,3,3,최유림,"월3,수4",Null,,,
167,0000-3-5765-01,미디어아트,Null,,Null,교선,3,3,이상민,"월4,수3",융합강의,,,
168,0000-3-2997-01,산업화와환경오염,Null,,Null,교선,3,3,황윤성,"금3,4",Null,,,
169,0000-3-2997-02,산업화와환경오염,Null,,Null,교선,3,3,코두루,"화4,목3",영어100?,,,
170,0000-4-7462-01,예술과과학의융합,Null,,Null,교선,3,3,신수연,수4,"영어50,원격수업50이상",,,
171,0000-1-5899-01,과학기술윤리,Null,,Null,교선,3,3,이재유,"금5,6",Null,,,
172,0000-1-5899-02,과학기술윤리,Null,,Null,교선,3,3,박지희,"금5,6",Null,,,
173,0000-1-0221-01,과학철학의이해,Null,,Null,교선,3,3,우호용,"금3,4",Null,,,
174,0000-1-3925-01,나의역사,Null,,Null,교선,3,3,김희교,"금1,2",Null,,,
175,0000-1-8085-01,논리적으로사고하기,Null,,Null,교선,3,3,김정아,"화7,8,9",Null,,,
176,0000-1-8085-02,논리적으로사고하기,Null,,Null,교선,3,3,황순호,"금3,4",Null,,,
177,0000-1-8085-03,논리적으로사고하기,Null,,Null,교선,3,3,오지호,"화4,목3",Null,,,
178,0000-1-5224-01,동서양신화읽기와변용,Null,,Null,교선,3,3,고경주,"금1,2",Null,,,
179,0000-1-4356-01,동서양의예술과미학,Null,,Null,교선,3,3,도승연,Null,"원격수업100, 대학 간 공동 원격 수업",,,
180,0000-1-4831-01,동양사상으로보는건축이야기,Null,,Null,교선,3,3,김승제,"금1,2",Null,,,
181,0000-1-5659-01,세계화시대의역사보기,Null,,Null,교선,3,3,김인호,"월2,수1",Null,,,
182,0000-1-4412-01,심층탐구인간과세계의이해,Null,,Null,교선,1,1,노정진,수5,Null,,,
183,0000-1-2337-01,언어의이해,Null,,Null,교선,3,3,박성현,"화5,목6",Null,,,
184,0000-1-4413-01,영화로읽는문학,Null,,Null,교선,3,3,노진서,"화6,목5",Null,,,
185,0000-1-5660-01,유럽의과거와현재,Null,,Null,교선,3,3,김동조,"화3,목4",Null,,,
186,0000-1-5660-02,유럽의과거와현재,참빛인재대학 전용,,Null,교선,3,3,윤희두,"토3,4",Null,,,
187,0000-1-2959-01,인간존재의이해,Null,,Null,교선,3,3,이지영,"목7,8,9",Null,,,
188,0000-1-2959-02,인간존재의이해,Null,,Null,교선,3,3,김헌중,"금1,2",Null,,,
189,0000-1-2959-03,인간존재의이해,참빛인재대학 전용,,Null,교선,3,3,박은미,"토3,4",Null,,,
190,0000-1-5661-01,인문교양세미나,1학년만 수강가능,,Null,교선,3,3,김인호,"월5,6","소규모강의,세미나강의",,,
191,0000-1-5661-02,인문교양세미나,1학년만 수강가능,,Null,교선,3,3,김정권,"월7,8,9","소규모강의,세미나강의",,,
192,0000-1-4830-01,인성과리더십,Null,,Null,교선,2,2,이종익,"수5,6",Null,,,
193,0000-1-5655-01,현대사회와윤리,Null,,Null,교선,3,3,김상원,"화1,2",Null,,,
194,0000-1-5655-02,현대사회와윤리,Null,,Null,교선,3,3,김영인,"금1,2",Null,,,
195,0000-2-9742-01,글로벌시대의종교와문화,외국인만 수강가능,,Null,교선,3,3,박정우,"금1,2",외국인전용,,,
196,0000-2-9742-02,글로벌시대의종교와문화,외국인만 수강가능,,Null,교선,3,3,박정우,"금3,4",외국인전용,,,
197,0000-2-3937-01,동아시아국제관계사,Null,,Null,교선,3,3,유의상,"월5,6",Null,,,
198,0000-2-4050-01,동아시아문학과사회,Null,,Null,교선,3,3,정소영,"월3,수4",Null,,,
199,0000-2-7727-01,미디어로읽는영어의역사,Null,,Null,교선,3,3,노진서,"월5,수6",Null,,,
200,0000-2-3933-01,예술철학으로의초대,Null,,Null,교선,3,3,진중권,"금1,2",Null,,,
201,0000-2-3933-02,예술철학으로의초대,Null,,Null,교선,3,3,진중권,"금3,4",Null,,,
202,0000-2-5900-01,인문교양심화세미나,2~4학년 수강대상,,Null,교선,3,3,김희교,"금3,4","소규모강의,세미나강의",,,
203,0000-2-5663-01,인물로본한국사,Null,,Null,교선,3,3,윤성재,"금1,2",Null,,,
204,0000-2-5663-02,인물로본한국사,외국인만 수강가능,,Null,교선,3,3,최희준,"금3,4",외국인전용,,,
205,0000-2-4833-01,한국가족의역사와현재,Null,,Null,교선,3,3,김인호,월3,원격수업50이상,,,
206,0000-2-3932-01,한국근현대사,Null,,Null,교선,3,3,김정권,"월1,수2",Null,,,
207,0000-2-3932-02,한국근현대사,Null,,Null,교선,3,3,김정권,"월2,수1",Null,,,
208,0000-2-4414-01,현대사회의생명과신체,Null,,Null,교선,3,3,박인혜,"화7,8,9",Null,,,
209,0000-2-4414-02,현대사회의생명과신체,Null,,Null,교선,3,3,박인혜,"목7,8,9",Null,,,
210,0000-3-6517-01,르네상스문화와과학,Null,,Null,교선,3,3,차승현,"월2,수1",Null,,,
211,0000-3-8122-01,문예작품으로읽는서양문명사,Null,,Null,교선,3,3,노진서,"화5,목6",Null,,,
212,0000-3-3924-01,자본주의역사,Null,,Null,교선,3,3,임경석,"월3,수4",Null,,,
213,0000-3-1879-01,현대사상의이해,Null,,Null,교선,3,3,이현주,"화7,8,9",Null,,,
214,0000-3-1879-02,현대사상의이해,Null,,Null,교선,3,3,도승연,"화4,목3",Null,,,
215,0000-1-8583-01,글로벌시대의쟁점과현안,Null,,Null,교선,3,3,전진호,"금3,4",Null,,,
216,0000-1-8583-02,글로벌시대의쟁점과현안,Null,,Null,교선,3,3,이남겸,"화1,목2",Null,,,
217,0000-1-5901-01,기술경영과마케팅,Null,,Null,교선,3,3,김찬모,"화5,목6",창업교과목,,,
218,0000-1-5901-02,기술경영과마케팅,Null,,Null,교선,3,3,김찬모,"화6,목5",창업교과목,,,
219,0000-1-0670-01,법과생활,Null,,Null,교선,3,3,손명지,화3,원격수업50이상,,,
220,0000-1-4282-01,사회과학교양세미나,1학년만 수강가능,,Null,교선,3,3,하마처,"화4,목3","영어100,세미나강의,소규모강의",,,
221,0000-1-4282-02,사회과학교양세미나,1학년만 수강가능,,Null,교선,3,3,김일식,"월1,수2","소규모강의,세미나강의",,,
222,0000-1-3902-01,사회봉사1,Null,,Null,교선,1,2,임안나,"목7,8",Null,,,
223,0000-1-3948-01,사회학의이해,Null,,Null,교선,3,3,이시윤,"금3,4",Null,,,
224,0000-1-0806-01,생활속의경제,Null,,Null,교선,3,3,이남겸,"화2,목1",Null,,,
225,0000-1-0806-02,생활속의경제,Null,,Null,교선,3,3,이수욱,"월5,수6",Null,,,
226,0000-1-4415-01,생활속의지식재산권,Null,,Null,교선,3,3,권지현,"금3,4",Null,,,
227,0000-1-4638-01,생활속의회계와세무,Null,,Null,교선,3,3,이수욱,"월6,수5",Null,,,
228,0000-1-3928-01,성과심리학,Null,,Null,교선,3,3,이정은,"금1,2",Null,,,
229,0000-1-3363-01,세계경제의이해,Null,,Null,교선,3,3,김일식,"월2,수1",Null,,,
230,0000-1-3363-02,세계경제의이해,참빛인재대학 전용,,Null,교선,3,3,김일식,"토3,4",Null,,,
231,0000-1-2982-01,인간심리의이해,Null,,Null,교선,3,3,김기년,"금5,6",Null,,,
232,0000-1-5667-01,정치와현대사회,Null,,Null,교선,3,3,기유정,"금5,6",Null,,,
233,0000-1-1797-01,한국사회의이해,외국인만 수강가능,,Null,교선,3,3,박수경,"금5,6",외국인전용,,,
234,0000-2-3537-01,[S-L]법과권리,Null,,Null,교선,4,4,한재경,"화7,8,9,10",서비스러닝 교과목,,,
235,0000-2-2981-01,국가와행정,Null,,Null,교선,3,3,서승현,"금1,2",Null,,,
236,0000-2-6048-01,경력개발프로그램(CDP),Null,,Null,교선,1,1,노정진,수6,Null,,,
237,0000-2-9744-01,미디어활용과생활,Null,,Null,교선,3,3,레이몬드,"화5,목6",영어100?,,,
238,0000-2-9744-02,미디어활용과생활,Null,,Null,교선,3,3,레이몬드,"화4,목3",영어100?,,,
239,0000-2-6137-01,범죄와사회,Null,,Null,교선,3,3,강희창,"수8,9,10",Null,,,
240,0000-2-2988-01,법과경제,Null,,Null,교선,3,3,서의경,"월3,수4",Null,,,
241,0000-2-8834-01,법과권리,Null,,Null,교선,3,3,한재경,"화4,목3",Null,,,
242,0000-2-8834-03,법과권리,참빛인재대학 전용,,Null,교선,3,3,한재경,"토1,2",Null,,,
243,0000-2-3645-01,법과정치,Null,,Null,교선,3,3,정영석,"금1,2",Null,,,
244,0000-2-8124-01,법논리학,Null,,Null,교선,3,3,이춘원,"금1,2",Null,,,
245,0000-2-4416-01,북한의이해와통일전략,Null,,Null,교선,3,3,손주영,"화3,4",Null,,,
246,0000-2-7726-01,자아의이해와문학치료,Null,,Null,교선,3,3,도기숙,"화5,6",소규모강의,,,
247,0000-2-7726-02,자아의이해와문학치료,Null,,Null,교선,3,3,도기숙,"목5,6",소규모강의,,,
248,0000-2-3008-01,조직과리더쉽,Null,,Null,교선,3,3,손주영,"월4,수3",Null,,,
249,0000-2-3008-02,조직과리더쉽,Null,,Null,교선,3,3,손주영,"월3,수4",Null,,,
250,0000-2-8585-01,지구적으로생각하고지역적으로실천하기,Null,,Null,교선,3,3,이은정,"금3,4",Null,,,
251,0000-2-8588-01,탈성장시대의사회와경제,Null,,Null,교선,3,3,김남성,"화6,목5",Null,,,
252,0000-2-4834-01,한국사회와다문화이해,외국인만 수강가능,,Null,교선,3,3,황갑선,"금3,4",외국인전용,,,
253,0000-2-3950-01,현대사회와인권,Null,,Null,교선,3,3,최현우,"화3,목4",Null,,,
254,0000-2-8587-01,현대한국사회의문제와해법,Null,,Null,교선,3,3,김정권,"수7,8,9",Null,,,
255,0000-3-4835-01,동아시아경제와사회문화의이해,Null,,Null,교선,3,3,이남겸,"화6,목5",Null,,,
256,0000-3-4836-01,생활속의인권과소수자보호,Null,,Null,교선,3,3,손상식,"화4,목3",Null,,,
257,0000-3-9448-01,스타트업과고객발굴전략,Null,,Null,교선,3,3,이경학,"수5,6",창업교과목,,,
258,0000-3-3946-01,여성과남성,Null,,Null,교선,3,3,도기숙,화4,원격수업50이상,,,
259,0000-3-3240-01,취업전략,외국인만 수강가능,,Null,교선,2,2,황갑선,"월3,4",외국인전용,,,
260,0000-3-3240-02,취업전략,외국인만 수강가능,,Null,교선,2,2,황갑선,"월5,6",외국인전용,,,
261,0000-1-3589-01,독일어1,Null,,Null,교선,3,3,임병화,"금3,4",독일어50?,,,
262,0000-1-3589-02,독일어1,Null,,Null,교선,3,3,권상희,"화4,목3",독일어50?,,,
263,0000-1-3812-01,스페인어1,Null,,Null,교선,3,3,조지 부르고스,"수5,6",스페인어50?,,,
264,0000-1-3812-02,스페인어1,Null,,Null,교선,3,3,신태식,"금1,2",스페인어50?,,,
265,0000-1-5688-01,일본문화읽기,Null,,Null,교선,3,3,유양근,"월7,8,9",Null,,,
266,0000-1-5688-02,일본문화읽기,Null,,Null,교선,3,3,권혁인,"화6,목5",Null,,,
267,0000-1-6524-01,일본어듣기와쓰기,Null,,Null,교선,3,3,권혁인,"화5,목6","일본어50,TBL강의",,,
268,0000-1-6524-02,일본어듣기와쓰기,Null,,Null,교선,3,3,권혁인,"화1,목2","일본어50,TBL강의",,,
269,0000-1-6525-01,중국어듣기와쓰기,Null,,Null,교선,3,3,황육림,"월6,수5",중국어50?,,,
270,0000-1-3593-01,초급일본어1,외국인만 수강가능,,Null,교선,3,3,다와라기하루미,"월1,수2","일본어50,외국인전용",,,
271,0000-1-3593-02,초급일본어1,Null,,Null,교선,3,3,이승영,"월3,수4",일본어50?,,,
272,0000-1-3593-03,초급일본어1,Null,,Null,교선,3,3,이승영,"월5,수6",일본어50?,,,
273,0000-1-3593-04,초급일본어1,Null,,Null,교선,3,3,김희성,"화4,목3",일본어50?,,,
274,0000-1-3593-05,초급일본어1,Null,,Null,교선,3,3,김덕미,"화3,목4",일본어50?,,,
275,0000-1-3593-06,초급일본어1,Null,,Null,교선,3,3,이지은,"금3,4",일본어50?,,,
276,0000-1-3593-07,초급일본어1,Null,,Null,교선,3,3,김경화,"월4,수3",일본어50?,,,
277,0000-1-3593-08,초급일본어1,Null,,Null,교선,3,3,박세희,"금5,6",일본어50?,,,
278,0000-1-3593-09,초급일본어1,Null,,Null,교선,3,3,다와라기하루미,"월2,수1",일본어50?,,,
279,0000-1-3593-10,초급일본어1,Null,,Null,교선,3,3,후지무라마이,"화1,목2",일본어50?,,,
280,0000-1-3593-11,초급일본어1,Null,,Null,교선,3,3,후지무라마이,"화2,목1",일본어50?,,,
281,0000-1-3593-12,초급일본어1,Null,,Null,교선,3,3,최정아,"월6,수5",일본어50?,,,
282,0000-1-3593-13,초급일본어1,Null,,Null,교선,3,3,김지은,"화5,목6",일본어50?,,,
283,0000-1-3593-14,초급일본어1,Null,,Null,교선,3,3,정수진,"화6,목5",일본어50?,,,
284,0000-1-3593-15,초급일본어1,참빛인재대학 전용,,Null,교선,3,3,하시타니 모에카,"토3,4",일본어50?,,,
285,0000-1-3696-01,초급일본어2,Null,,Null,교선,3,3,이승영,월6,"일본어50,원격수업50이상",,,
286,0000-1-3090-01,초급일본어생활한자,Null,,Null,교선,3,3,다와라기하루미,"월5,수6",일본어50?,,,
287,0000-1-2950-01,초급중국어1,Null,,Null,교선,3,3,곡효운,"월2,수1",중국어50?,,,
288,0000-1-2950-02,초급중국어1,Null,,Null,교선,3,3,김수정,"월7,8,9",중국어50?,,,
289,0000-1-2950-03,초급중국어1,Null,,Null,교선,3,3,고영란,"화4,목3",중국어50?,,,
290,0000-1-2950-04,초급중국어1,Null,,Null,교선,3,3,김정인,"월4,수3",중국어50?,,,
291,0000-1-2950-05,초급중국어1,Null,,Null,교선,3,3,김태경,"금3,4",중국어50?,,,
292,0000-1-2950-06,초급중국어1,Null,,Null,교선,3,3,임미주,"월3,수4",중국어50?,,,
293,0000-1-2950-07,초급중국어1,Null,,Null,교선,3,3,장가원,"화2,목1",중국어50?,,,
294,0000-1-2950-08,초급중국어1,Null,,Null,교선,3,3,양류,"화1,목2",중국어50?,,,
295,0000-1-2950-09,초급중국어1,Null,,Null,교선,3,3,김수정,"월6,수5",중국어50?,,,
296,0000-1-2950-10,초급중국어1,참빛인재대학 전용,,Null,교선,3,3,곡효운,"토1,2",중국어50?,,,
297,0000-1-3039-01,초급중국어2,Null,,Null,교선,3,3,곡효운,"월3,수4",중국어50?,,,
298,0000-1-3590-01,프랑스어1,Null,,Null,교선,3,3,허영인,"화3,목4",프랑스어50?,,,
299,0000-1-8594-01,현대중국의문화트렌드,Null,,Null,교선,3,3,곡효운,"월5,6",Null,,,
300,0000-1-8594-02,현대중국의문화트렌드,Null,,Null,교선,3,3,박현곤,"화2,목1",Null,,,
301,0000-2-4921-01,JLPT연습,Null,,Null,교선,3,3,권혁인,"화2,목1","일본어50,TBL강의",,,
302,0000-2-5690-01,생활일본어회화,Null,,Null,교선,3,3,후지무라마이,"화6,목5",일본어70?,,,
303,0000-2-5690-02,생활일본어회화,Null,,Null,교선,3,3,다와라기하루미,"월6,수5",일본어70?,,,
304,0000-2-2977-01,생활한문,Null,,Null,교선,3,3,김준,"월6,수5",Null,,,
305,0000-2-2977-02,생활한문,Null,,Null,교선,3,3,이철희,"월3,수4",Null,,,
306,0000-2-2977-03,생활한문,Null,,Null,교선,3,3,김지현,"금3,4",Null,,,
307,0000-2-2977-04,생활한문,Null,,Null,교선,3,3,김홍구,"화4,목3",Null,,,
308,0000-2-2977-05,생활한문,Null,,Null,교선,3,3,안나미,"월5,수6",Null,,,
309,0000-2-3349-01,스크린일본어,Null,,Null,교선,3,3,후지무라마이,"화5,목6",일본어50?,,,
310,0000-2-3349-02,스크린일본어,Null,,Null,교선,3,3,박현정,"수7,8,9",일본어50?,,,
311,0000-2-4917-01,시청각중국어,Null,,Null,교선,3,3,박현곤,"화1,목2",중국어50?,,,
312,0000-2-5689-01,실용일본어문법,Null,,Null,교선,3,3,이승영,수2,"일본어50,원격수업50이상",,,
313,0000-2-6526-01,실용중국어문법,Null,,Null,교선,3,3,곡효운,수3,"중국어50,원격수업50이상",,,
314,0000-2-8653-01,중국문화지리,Null,,Null,교선,3,3,전보옥,"월5,수6",Null,,,
315,0000-2-4426-01,중국어HSK연습,Null,,Null,교선,3,3,이명숙,"금1,2",중국어50?,,,
316,0000-1-3223-01,골프,체육실기,,Null,교선,2,2,설수황,"금3,4",소규모강의,,,
317,0000-1-3223-02,골프,체육실기,,Null,교선,2,2,설수황,"금5,6",소규모강의,,,
318,0000-1-0387-01,농구,체육실기,,Null,교선,2,2,안상용,"월5,6",소규모강의,,,
319,0000-1-5378-01,댄스스포츠,체육실기,,Null,교선,2,2,진지형,"월3,4",소규모강의,,,
320,0000-1-5378-02,댄스스포츠,체육실기,,Null,교선,2,2,진지형,"월5,6",소규모강의,,,
321,0000-1-5378-03,댄스스포츠,체육실기,,Null,교선,2,2,정재은,"수3,4",소규모강의,,,
322,0000-1-3215-01,수상스키,체육실기,,Null,교선,2,2,최석환,"목5,6",소규모강의,,,
323,0000-1-9255-01,승마,체육실기,,Null,교선,2,2,박석,"화5,6",소규모강의,,,
324,0000-1-5683-01,요가,체육실기,,Null,교선,2,2,홍승연,"목1,2",소규모강의,,,
325,0000-1-5683-02,요가,체육실기,,Null,교선,2,2,홍승연,"목3,4",소규모강의,,,
326,0000-1-5683-03,요가,체육실기,,Null,교선,2,2,정재은,"수5,6",소규모강의,,,
327,0000-1-5684-01,웰니스트레이닝,체육실기,,Null,교선,2,2,최재영,"금5,6",소규모강의,,,
328,0000-1-1618-01,축구,체육실기,,Null,교선,2,2,남용우,"목7,8,9",소규모강의,,,
329,0000-1-1618-02,축구,체육실기,,Null,교선,2,2,남용우,"월1,2",소규모강의,,,
330,0000-1-1679-01,탁구,체육실기,,Null,교선,2,2,박현애,"화2,3",소규모강의,,,
331,0000-1-1679-02,탁구,체육실기,,Null,교선,2,2,박현애,"화4,5",소규모강의,,,
332,0000-1-4418-01,교양음악실기(바이올린),음악실기,,Null,교선,3,3,배윤진,"월5,6",소규모강의,,,
333,0000-1-4422-01,교양음악실기(색소폰),음악실기,,Null,교선,3,3,노정진,"수3,4",소규모강의,,,
334,0000-1-4419-01,교양음악실기(첼로),음악실기,,Null,교선,3,3,정연재,"월3,4",소규모강의,,,
335,0000-1-4421-01,교양음악실기(클라리넷),음악실기,,Null,교선,3,3,김진규,"목3,4",소규모강의,,,
336,0000-1-4424-01,교양음악실기(클래식기타),음악실기,,Null,교선,3,3,유태성,"금3,4",소규모강의,,,
337,0000-1-4425-01,교양음악실기(피아노반주테크닉),음악실기,,Null,교선,3,3,김철수,"금1,2",소규모강의,,,
338,0000-1-6060-01,아카펠라,음악실기,,Null,교선,3,3,이강성,"수5,6",소규모강의,,,
339,0000-2-6059-01,실내악앙상블,음악실기,,Null,교선,3,3,연효정,"화3,4",소규모강의,,,
340,0000-1-8127-01,드로잉,미술실기,,Null,교선,3,3,김문석,"수1,2",소규모강의,,,
341,0000-1-8127-02,드로잉,미술실기,,Null,교선,3,3,이정인,"화3,4",소규모강의,,,
342,0000-2-7778-01,일러스트레이션,미술실기,,Null,교선,3,3,김문석,"수3,4",소규모강의,,,
343,0000-2-7778-02,일러스트레이션,미술실기,,Null,교선,3,3,윤지현,"화5,6",소규모강의,,,
344,0000-1-4837-01,K콘텐츠트랜드의이해,Null,,Null,교선,3,3,김철수,"금3,4",Null,,,
345,0000-1-4837-02,K콘텐츠트랜드의이해,참빛인재대학 전용,,Null,교선,3,3,김재영,"토5,6",Null,,,
346,0000-1-5678-01,대중문화와삶,Null,,Null,교선,3,3,고효경,"금3,4",Null,,,
347,0000-1-5678-02,대중문화와삶,Null,,Null,교선,3,3,하효숙,"월7,8,9",Null,,,
348,0000-1-4843-01,문화예술교양세미나,1학년만 수강가능,,Null,교선,3,3,김서영,"월5,6","소규모강의,세미나강의",,,
349,0000-1-2437-01,연극의이해,Null,,Null,교선,3,3,고해종,"금1,2",Null,,,
350,0000-1-4841-01,영화음악의역사,Null,,Null,교선,3,3,김철수,Null,원격수업100?,,,
351,0000-1-3814-01,영화의이해,Null,,Null,교선,3,3,이대범,"금3,4",Null,,,
352,0000-1-3814-02,영화의이해,Null,,Null,교선,3,3,김서윤,"월7,8,9",Null,,,
353,0000-1-4051-01,인간과예술,Null,,Null,교선,3,3,김서영,"금5,6",Null,,,
354,0000-2-6948-01,대중음악의역사,Null,,Null,교선,3,3,김철수,Null,원격수업100?,,,
355,0000-2-4845-01,문화예술교양심화세미나,2~4학년 수강대상,,Null,교선,3,3,김서영,"수5,6","소규모강의,세미나강의",,,
356,0000-2-2942-01,미술의이해,Null,,Null,교선,3,3,김영찬,"금3,4",Null,,,
357,0000-2-4417-01,재즈의역사,Null,,Null,교선,3,3,노정진,수2,"영어100,원격수업50이상",,,
358,0000-2-5680-01,판타지장르와미래학,Null,,Null,교선,3,3,김건우,"월7,8,9",Null,,,
359,0000-2-2968-01,한국의문화유산,Null,,Null,교선,3,3,박지은,"화1,목2",원격수업50이상,,,
360,0000-2-2968-02,한국의문화유산,외국인만 수강가능,,Null,교선,3,3,김형근,"월1,수2",외국인전용,,,
361,0000-2-4925-01,현대사회와스포츠,Null,,Null,교선,3,3,한지영,"목5,6",Null,,,
362,0000-2-4925-02,현대사회와스포츠,Null,,Null,교선,3,3,강지연,"월7,8,9",Null,,,
363,0000-3-5682-01,생활속의디자인,Null,,Null,교선,3,3,김문석,Null,원격수업100?,,,
364,0000-3-3200-01,운동과건강,Null,,Null,교선,3,3,김혜련,"월1,2",Null,,,
365,0000-3-3200-02,운동과건강,Null,,Null,교선,3,3,이시은,"목1,2",Null,,,
366,0000-3-3200-03,운동과건강,참빛인재대학 전용,,Null,교선,3,3,박석,"토1,2",Null,,,
367,0000-1-3671-01,기초영문법,외국인만 수강가능,,Null,교선,3,3,손영희,"월2,수1",외국인전용,,,
368,0000-1-0355-01,기초영어회화,외국인만 수강가능,,Null,교선,3,3,브라이언,"월4,수3",외국인전용,,,
369,0000-1-0355-02,기초영어회화,외국인만 수강가능,,Null,교선,3,3,에이미,"화1,목2",외국인전용,,,
371,0000-1-1078-01,영어회화1,Null,,Null,교선,3,3,브라이언,"월3,수4",소규모강의,,,
372,0000-1-1078-02,영어회화1,Null,,Null,교선,3,3,에이미,"화2,목1",소규모강의,,,
373,0000-1-1078-03,영어회화1,Null,,Null,교선,3,3,브라이언,"화3,목4",소규모강의,,,
374,0000-2-4105-01,TED로배우는영어,Null,,Null,교선,3,3,에이미,"월4,수3",Null,,,
375,0000-2-4111-01,TOEIC연습1,Null,,Null,교선,3,3,Null,"화4,목3",Null,,,
376,0000-2-4067-01,기초영작문,Null,,Null,교선,3,3,손영희,"월4,수3",Null,,,
377,0000-2-4913-02,대학영문법1,Null,,Null,교선,3,3,손가연,"화1,목2",Null,,,
378,0000-2-9740-01,생활영어번역,Null,,Null,교선,3,3,Null,"화3,목4",Null,,,
379,0000-2-1079-01,영어회화2,Null,,Null,교선,3,3,에이미,"월3,수4",Null,,,
380,0000-2-1079-02,영어회화2,Null,,Null,교선,3,3,브라이언,"화2,목1",Null,,,
381,0000-2-1079-03,영어회화2,Null,,Null,교선,3,3,에이미,"화3,목4",Null,,,
382,0000-3-4106-01,OPIc연습,Null,,Null,교선,3,3,오경애,"월3,수4",Null,,,
383,0000-3-4129-01,비지니스프레젠테이션,Null,,Null,교선,3,3,브라이언,"화4,목3",Null,,,
384,0000-3-0910-01,시사영어,Null,,Null,교선,3,3,고현아,"월2,수1",Null,,,
385,0000-3-4427-01,아카데믹라이팅연습,Null,,Null,교선,3,3,Null,"월3,수4",Null,,,
386,0000-3-8596-01,영미문화읽기,Null,,Null,교선,3,3,노진서,"월6,수5",Null,,,
387,0000-3-8596-02,영미문화읽기,Null,,Null,교선,3,3,노진서,"금1,2",Null,,,
388,0000-4-4118-01,영어베스트셀러읽기,Null,,Null,교선,3,3,Null,"화6,목5",Null,,,
389,0000-1-4625-01,대학수학및연습1,"전자,전통,전융 (E1~E8)",,Null,교선,3,3,장정환,"월1,수2",Null,,,
390,0000-1-4625-02,대학수학및연습1,"전자,전통,전융 (E1~E8)",,Null,교선,3,3,Null,"금3,4",Null,,,
391,0000-1-4625-03,대학수학및연습1,"전자,전통,전융 (E1~E8)",,Null,교선,3,3,유다혜,"월5,수6",Null,,,
392,0000-1-4625-04,대학수학및연습1,"전자,전통,전융 (E1~E8)",,Null,교선,3,3,박정준,"월6,수5",Null,,,
393,0000-1-4625-05,대학수학및연습1,"전자,전통,전융 (E1~E8)",,Null,교선,3,3,양훈기,"화1,목2",Null,,,
394,0000-1-4625-06,대학수학및연습1,"전자,전통,전융 (E1~E8)",,Null,교선,3,3,김동호,"화2,목1",Null,,,
395,0000-1-4625-07,대학수학및연습1,"전자,전통,전융 (E1~E8)",,Null,교선,3,3,Null,"금5,6",Null,,,
396,0000-1-4625-08,대학수학및연습1,"전기,재료,반도체 (J1~J4,T1~T2)",,Null,교선,3,3,김순영,"월1,수2",Null,,,
397,0000-1-4625-09,대학수학및연습1,"전기,재료,반도체 (J1~J4,T1~T2)",,Null,교선,3,3,하재근,"화5,목6",Null,,,
398,0000-1-4625-10,대학수학및연습1,"전기,재료,반도체 (J1~J4,T1~T2)",,Null,교선,3,3,고승훈,목5,원격수업100?,,,
399,0000-1-4625-11,대학수학및연습1,"전기,재료,반도체 (J1~J4,T1~T2)",,Null,교선,3,3,최종성,"금3,4",Null,,,
400,0000-1-4625-12,대학수학및연습1,"인공지능융합대학 공통 (C1~C9,J5~J8)",,Null,교선,3,3,Null,"금1,2",Null,,,
401,0000-1-4625-13,대학수학및연습1,"인공지능융합대학 공통 (C1~C9,J5~J8)",,Null,교선,3,3,김영희,월4,원격수업50이상,,,
402,0000-1-4625-14,대학수학및연습1,"인공지능융합대학 공통 (C1~C9,J5~J8)",,Null,교선,3,3,Null,"금3,4",Null,,,
403,0000-1-4625-15,대학수학및연습1,"인공지능융합대학 공통 (C1~C9,J5~J8)",,Null,교선,3,3,유지현,"월6,수5",Null,,,
404,0000-1-4625-16,대학수학및연습1,"인공지능융합대학 공통 (C1~C9,J5~J8)",,Null,교선,3,3,심은화,"화1,목2",Null,,,
405,0000-1-4625-17,대학수학및연습1,"인공지능융합대학 공통 (C1~C9,J5~J8)",,Null,교선,3,3,홍석영,"화3,목4",Null,,,
406,0000-1-4625-18,대학수학및연습1,"인공지능융합대학 공통 (C1~C9,J5~J8)",,Null,교선,3,3,김소영,"화4,목3",Null,,,
407,0000-1-4625-19,대학수학및연습1,"인공지능융합대학 공통 (C1~C9,J5~J8)",,Null,교선,3,3,윤미,"화5,목6",Null,,,
408,0000-1-4625-20,대학수학및연습1,"인공지능융합대학 공통 (C1~C9,J5~J8)",,Null,교선,3,3,김원주,"금5,6",Null,,,
409,0000-1-4625-21,대학수학및연습1,"건축,화공,환경 (A1,K1~K3)",,Null,교선,3,3,전성희,"월4,수3",Null,,,
410,0000-1-4625-22,대학수학및연습1,"건축,화공,환경 (A1,K1~K3)",,Null,교선,3,3,권윤기,"월5,수6",Null,,,
411,0000-1-4625-23,대학수학및연습1,"건축,화공,환경 (A1,K1~K3)",,Null,교선,3,3,류송분,"금1,2",Null,,,
412,0000-1-4625-24,대학수학및연습1,수학(N1),,Null,교선,3,3,이종우,"화4,목3",Null,,,
413,0000-1-4625-25,대학수학및연습1,"전자바이오물리 (N2,N3)",,Null,교선,3,3,이호석,"월5,수6",Null,,,
414,0000-1-4625-26,대학수학및연습1,"화학(N4,N5)",,Null,교선,3,3,정계선,"화6,목5",Null,,,
415,0000-1-4626-01,대학수학및연습2,재수강용,,Null,교선,3,3,연윤정,"화7,8,9",Null,,,
416,0000-1-4626-02,대학수학및연습2,건축공학과 2학년,,Null,교선,3,3,박지연,"금1,2",Null,,,
417,0000-1-4628-01,기초수학및연습,전정대 1학년,,Null,교선,3,3,Null,"금1,2",Null,,,
418,0000-1-4628-02,기초수학및연습,전정대 1학년,,Null,교선,3,3,최종성,"화1,목2",Null,,,
419,0000-1-4628-03,기초수학및연습,전정대 1학년,,Null,교선,3,3,서보윤,"금3,4",Null,,,
420,0000-1-4628-04,기초수학및연습,"인융대, 공대 1학년",,Null,교선,3,3,강우석,"금1,2",Null,,,
421,0000-1-4628-05,기초수학및연습,자연대 1학년,,Null,교선,3,3,이현근,"금3,4",Null,,,
422,0000-1-4628-06,기초수학및연습,건축공학(A2),,Null,교선,3,3,조향감,"월1,수2",Null,,,
423,0000-1-0109-01,경영통계,경영 (B1~B4),,Null,교선,3,3,이석준,"화1,목2",Null,,,
424,0000-1-0109-02,경영통계,경영 (B1~B4),,Null,교선,3,3,이석준,"화2,목1",Null,,,
425,0000-1-5704-01,자연교양세미나,1학년만 수강가능,,Null,교선,3,3,김영희,"수5,6","세미나강의,소규모강의",,,
426,0000-1-5704-02,자연교양세미나,1학년만 수강가능,,Null,교선,3,3,이영수,"월6,수5","세미나강의,소규모강의",,,
427,0000-2-4969-01,공학수학1,전정대,,Null,교선,3,3,최윤철,"월1,수2",영어50?,,,
428,0000-2-4969-02,공학수학1,전정대,,Null,교선,3,3,김태균,"화3,목4",영어50?,,,
429,0000-2-4969-03,공학수학1,전정대,,Null,교선,3,3,돌지,"화4,목3",영어100?,,,
430,0000-2-4969-04,공학수학1,전정대,,Null,교선,3,3,박주희,"금1,2",Null,,,
431,0000-2-4969-05,공학수학1,전정대,,Null,교선,3,3,안소영,"금3,4",Null,,,
432,0000-2-4969-06,공학수학1,인융대,,Null,교선,3,3,돌지,"화3,목4",영어100?,,,
433,0000-2-4969-07,공학수학1,인융대,,Null,교선,3,3,최현옥,"금1,2",Null,,,
434,0000-2-4969-08,공학수학1,인융대,,Null,교선,3,3,엄태관,"금5,6",Null,,,
435,0000-2-4969-09,공학수학1,전자 2학년,,Null,교선,3,3,이재승,"금5,6",영어50?,,,
436,0000-2-4969-10,공학수학1,전자 2학년,,Null,교선,3,3,Null,"월5,수6",영어50?,,,
437,0000-2-4969-11,공학수학1,전통 2학년,,Null,교선,3,3,박수원,"화5,목6",Null,,,
438,0000-2-4969-12,공학수학1,전융 2학년,,Null,교선,3,3,Null,"월6,수5",Null,,,
439,0000-2-4969-13,공학수학1,전기 2학년,,Null,교선,3,3,윤민한,화4,원격수업100?,,,
440,0000-2-4969-14,공학수학1,화공 2학년,,Null,교선,3,3,이기원,"월6,수5",Null,,,
441,0000-2-4969-15,공학수학1,환경 2학년,,Null,교선,3,3,코두루,"목5,6",영어100?,,,
442,0000-2-7724-01,수학과철학의대화,Null,,Null,교선,3,3,최종성,"월3,수4",융합강의,,,
443,0000-2-8119-01,패러독스와논리,Null,,Null,교선,3,3,최종성,"월4,수3",Null,,,
444,0000-3-0819-01,선형대수학,전융 3학년,,Null,교선,3,3,정용식,"월3,수4",영어50?,,,
445,0000-3-0819-02,선형대수학,전기 3학년,,Null,교선,3,3,허돈,화3,원격수업100?,,,
446,0000-3-0819-03,선형대수학,컴정 2학년,,Null,교선,3,3,김상목,"월5,수6",영어50?,,,
447,0000-3-0819-04,선형대수학,컴정 2학년,,Null,교선,3,3,박철수,"화6,목5",영어50?,,,
448,0000-3-1942-01,확률및통계,컴정 3학년,,Null,교선,3,3,신동화,"월1,수2",Null,,,
449,0000-3-1942-02,확률및통계,소프트 3학년,,Null,교선,3,3,이종실,"월2,수1",Null,,,
450,0000-3-8120-01,정보사회와수학,Null,,Null,교선,3,3,김영희,"월2,수1",융합강의,,,
451,0000-1-3414-01,대학물리및실험1,"전자,전통,재료 (E1~E6,J3~J4)",,Null,교선,3,4,임준섭,"월2,수1,2",영어50?,,,
452,0000-1-3414-02,대학물리및실험1,"전자,전통,재료 (E1~E6,J3~J4)",,Null,교선,3,4,이건준,"월4,수3,4",원격수업50이상,,,
453,0000-1-3414-03,대학물리및실험1,"전자,전통,재료 (E1~E6,J3~J4)",,Null,교선,3,4,이재승,"월6,수5,6",원격수업50이상,,,
454,0000-1-3414-04,대학물리및실험1,"전자,전통,재료 (E1~E6,J3~J4)",,Null,교선,3,4,박병주,"화4,목3,4",Null,,,
455,0000-1-3414-05,대학물리및실험1,"전자,전통,재료 (E1~E6,J3~J4)",,Null,교선,3,4,나영호,"화6,목5,6",Null,,,
456,0000-1-3414-06,대학물리및실험1,"전자,전통,재료 (E1~E6,J3~J4)",,Null,교선,3,4,김윤기,"화1,2,목2",Null,,,
457,0000-1-3414-07,대학물리및실험1,"전자,전통,재료 (E1~E6,J3~J4)",,Null,교선,3,4,구제환,"화3,4,목4",Null,,,
458,0000-1-3414-08,대학물리및실험1,"전자,전통,재료 (E1~E6,J3~J4)",,Null,교선,3,4,구제환,"화5,6,목6",Null,,,
459,0000-1-3414-09,대학물리및실험1,로봇 (J5~J8),,Null,교선,3,4,최진성,"화2,목1,2",Null,,,
460,0000-1-3414-10,대학물리및실험1,로봇 (J5~J8),,Null,교선,3,4,Null,"화4,목3,4",Null,,,
461,0000-1-3414-11,대학물리및실험1,로봇 (J5~J8),,Null,교선,3,4,Null,"월3,4,수4",Null,,,
462,0000-1-3414-12,대학물리및실험1,로봇 (J5~J8),,Null,교선,3,4,구제환,"월5,6,수6",Null,,,
463,0000-1-3414-13,대학물리및실험1,건축공학(A2),,Null,교선,3,4,정란주,"화3,4,목4",Null,,,
464,0000-1-9753-01,대학물리학1,"전융,전기,반도체 (E7~E8,J1~J2, T1~T2)",,Null,교선,3,3,이건준,"월5,수6",원격수업50이상,,,
465,0000-1-9753-02,대학물리학1,"전융,전기,반도체 (E7~E8,J1~J2, T1~T2)",,Null,교선,3,3,정란주,"화1,목2",Null,,,
466,0000-1-9753-03,대학물리학1,"전융,전기,반도체 (E7~E8,J1~J2, T1~T2)",,Null,교선,3,3,Null,"화3,목4",Null,,,
467,0000-1-9753-04,대학물리학1,"전융,전기,반도체 (E7~E8,J1~J2, T1~T2)",,Null,교선,3,3,Null,"금5,6",Null,,,
468,0000-1-9753-05,대학물리학1,"컴정,소프트 (C1~C6)",,Null,교선,3,3,Null,"월1,수2",Null,,,
469,0000-1-9753-06,대학물리학1,"컴정,소프트 (C1~C6)",,Null,교선,3,3,이인숙,"금1,2",Null,,,
470,0000-1-9753-07,대학물리학1,"컴정,소프트 (C1~C6)",,Null,교선,3,3,김용철,"금3,4",Null,,,
471,0000-1-9753-08,대학물리학1,"화학공학과 (K1,K2)",,Null,교선,3,3,엄화진,"월4,수3",Null,,,
472,0000-1-5220-01,일반물리및실험1,"전자바이오물리학과 (N2,N3)",,Null,교선,4,5,최은하,"월3,수4,화5,6",Null,,,
473,0000-1-5220-02,일반물리및실험1,"화학과 (N4,N5)",,Null,교선,4,5,권기청,"월2,수1,월5,6",Null,,,
474,0000-1-3415-01,대학화학및실험1,"컴정,소프트 (C1~C6)",,Null,교선,3,4,최한,"화3,4,목4",Null,,,
475,0000-1-3415-02,대학화학및실험1,"컴정,소프트 (C1~C6)",,Null,교선,3,4,이혜정,"화5,6,목6",Null,,,
476,0000-1-3415-03,대학화학및실험1,화학공학과 (K1),,Null,교선,3,4,박세규,"월2,수1,2",Null,,,
477,0000-1-3415-04,대학화학및실험1,화학공학과 (K2),,Null,교선,3,4,손희상,"월2,수1,2",Null,,,
478,0000-1-3415-05,대학화학및실험1,환경공학과(K3),,Null,교선,3,4,양재규,"월1,2,수2",Null,,,
479,0000-1-7466-01,대학화학,"전자,재료 (E2,E4,J3,J4)",,Null,교선,3,3,이도남,"월6,수5",Null,,,
480,0000-1-7466-02,대학화학,"전자,재료 (E2,E4,J3,J4)",,Null,교선,3,3,Null,화5,원격수업100?,,,
481,0000-1-7466-03,대학화학,건축공학(A2),,Null,교선,3,3,이도남,"화2,목1",Null,,,
482,0000-1-1223-01,일반화학및실험1,"전자바이오물리학과 (N2,N3)",,Null,교선,4,5,손성윤,"월4,수3,목5,6",Null,,,
483,0000-1-1223-02,일반화학및실험1,"화학과 (N4,N5)",,Null,교선,4,5,손성윤,"화3,목4,목1,2",Null,,,
484,0000-1-6527-01,대학생물및실험,화공 (K1),,Null,교선,3,4,이택,"월5,6,7",Null,,,
485,0000-1-6527-02,대학생물및실험,환경 (K3),,Null,교선,3,4,장민,"화5,6,7",Null,,,
486,0000-1-9777-01,글쓰기연습,외국인만 수강가능,,Null,교선,3,3,정경화,"월5,6",외국인전용,,,
487,0000-1-9777-02,글쓰기연습,외국인만 수강가능,,Null,교선,3,3,이광훈,"월5,6",외국인전용,,,
488,0000-1-9777-03,글쓰기연습,외국인만 수강가능,,Null,교선,3,3,박꽃새미,"월3,4",외국인전용,,,
489,0000-1-9777-04,글쓰기연습,외국인만 수강가능,,Null,교선,3,3,도옥루이엔,"월3,4",외국인전용,,,
490,0000-1-4120-01,대학한국어,외국인만 수강가능,,Null,교선,3,3,이주민,"월1,수2",외국인전용,,,
491,0000-1-4120-02,대학한국어,외국인만 수강가능,,Null,교선,3,3,이윤덕,"월2,수1",외국인전용,,,
492,0000-1-7132-01,시사한국어,외국인만 수강가능,,Null,교선,3,3,이미정,"금3,4",외국인전용,,,
493,0000-1-9778-01,한국어텍스트읽기,외국인만 수강가능,,Null,교선,3,3,이은진,"화1,목2",외국인전용,,,
494,0000-1-9778-02,한국어텍스트읽기,외국인만 수강가능,,Null,교선,3,3,이영진,"화1,목2",외국인전용,,,
495,0000-1-9778-03,한국어텍스트읽기,외국인만 수강가능,,Null,교선,3,3,도옥루이엔,"화5,6",외국인전용,,,
496,0000-2-4123-01,경영한국어,외국인만 수강가능,,Null,교선,3,3,한승희,"금5,6",외국인전용,,,
497,0000-2-4642-01,논리적글쓰기,외국인만 수강가능,,Null,교선,3,3,김경희,"수3,4",외국인전용,,,
498,0000-2-4642-02,논리적글쓰기,외국인만 수강가능,,Null,교선,3,3,김연주,"수5,6",외국인전용,,,
499,0000-2-4642-03,논리적글쓰기,외국인만 수강가능,,Null,교선,3,3,김예나,"수5,6",외국인전용,,,
500,0000-2-4642-04,논리적글쓰기,외국인만 수강가능,,Null,교선,3,3,도옥루이엔,"수3,4",외국인전용,,,
501,0000-2-4122-01,인문사회한국어,외국인만 수강가능,,Null,교선,3,3,이경수,"화3,목4",외국인전용,,,
502,0000-2-7133-01,한국어발표와토론,외국인만 수강가능,,Null,교선,3,3,소열녕,"화3,목4",외국인전용,,,
503,0000-2-7133-02,한국어발표와토론,외국인만 수강가능,,Null,교선,3,3,조현주,"화3,목4",외국인전용,,,
504,0000-2-7133-03,한국어발표와토론,외국인만 수강가능,,Null,교선,3,3,소열녕,"화4,목3",외국인전용,,,
505,0000-2-7133-04,한국어발표와토론,외국인만 수강가능,,Null,교선,3,3,김미영,"화4,목3",외국인전용,,,
506,0000-2-7133-05,한국어발표와토론,외국인만 수강가능,,Null,교선,3,3,이경수,"화4,목3",외국인전용,,,
507,0000-2-6021-01,한국어표현연습,외국인만 수강가능,,Null,교선,3,3,유혜선,"금1,2",외국인전용,,,
508,0000-2-6021-02,한국어표현연습,외국인만 수강가능,,Null,교선,3,3,김도영,"화5,목6",외국인전용,,,
509,0000-1-3675-01,외국인학생을위한기초수학,외국인만 수강가능,,Null,교선,3,3,최종성,"화2,목1",외국인전용,,,
510,0000-1-3535-01,미래소비사회와상품,Null,,Null,교선,2,2,건국대학교 김시월,Null,원격수업100?,,,
511,0000-1-5706-01,상상과창조,Null,,Null,교선,3,3,한양대학교 이태희,Null,원격수업100?,,,
512,0000-1-6061-01,문화콘텐츠스토리텔링전략,Null,,Null,교선,3,3,한양대학교 송화,Null,원격수업100?,,,
513,0000-1-6581-01,문화기술과사회변동,Null,,Null,교선,3,3,한양대학교 두일철,Null,원격수업100?,,,
514,0000-1-6997-01,기업경영과비즈니스전략,Null,,Null,교선,3,3,한양대학교 김아라,Null,원격수업100?,,,
515,0000-1-7000-01,21세기기업의인재상,Null,,Null,교선,3,3,광운대학교 김정권,Null,원격수업100?,,,
516,0000-1-7475-01,생활속의계약과협상,Null,,Null,교선,3,3,광운대학교 심상렬,Null,원격수업100?,,,
517,0000-1-7926-01,정보사회학입문,Null,,Null,교선,3,3,한양대학교 윤영민,Null,원격수업100?,,,
518,0000-1-8129-01,저작권과스마트폰의이해,Null,,Null,교선,2,2,건국대학교 정연덕,Null,원격수업100?,,,
519,0000-1-8833-01,철학과인간가치,Null,,Null,교선,3,3,한양대학교 이재복,Null,원격수업100?,,,
520,0000-1-9469-01,행복한금융생활,Null,,Null,교선,3,3,광운대학교 송영출,Null,원격수업100?,,,
521,0000-1-9930-01,"화폐와금융의과거,현재그리고미래",Null,,Null,교선,3,3,한양대학교 현정환,Null,원격수업100?,,,
522,0000-2-3536-01,4차산업혁명:융합적분석과인문학의대안,Null,,Null,교선,3,3,한양대학교 이도흠,Null,원격수업100?,,,
523,0000-2-4655-01,빅데이터시대의ESG트렌드,Null,,Null,교선,3,3,한양대학교 김성희,Null,원격수업100?,,,
524,0000-2-4656-01,언어의품격:언어바르고품위있게사용하기,Null,,Null,교선,3,3,한양대학교 전은진,Null,원격수업100?,,,
525,0000-2-6237-01,음식과세계문화,Null,,Null,교선,3,3,덕성여자대학교 김건희,Null,원격수업100?,,,
526,0000-2-6238-01,그린IT의이해,Null,,Null,교선,3,3,한성대학교 조세홍/김일민,Null,원격수업100?,,,
527,0000-2-6580-01,글로벌시대의예술과가치,Null,,Null,교선,3,3,광운대학교 도승연,Null,원격수업100?,,,
528,0000-2-6999-01,색채심리와현대생활,Null,,Null,교선,3,3,광운대학교 김문석,Null,원격수업100?,,,
529,0000-2-7473-01,성공하는문화콘텐츠소재개발전략,Null,,Null,교선,3,3,한양대학교 공정배,Null,원격수업100?,,,
530,0000-2-7476-01,전략적의사결정과문제해결,Null,,Null,교선,3,3,광운대학교 박종구,Null,원격수업100?,,,
531,0000-2-8630-01,"고객관계관리 (구,고객관계관리전략)",Null,,Null,교선,3,3,한성대학교 김형수,Null,원격수업100?,,,
532,0000-2-9266-01,채움과비움:나이듦의인문학적이해,Null,,Null,교선,3,3,한양대학교 윤성호,Null,원격수업100?,,,
533,0000-2-9470-01,현대사회와신소재,Null,,Null,교선,3,3,광운대학교 손희상,Null,원격수업100?,,,
534,0000-1-3093-01,한국영화사로보는가족,Null,,Null,교선,3,3,강성률,"금7,8",원격수업100?,,,
535,0000-1-4428-01,디지털신기술기반신재생에너지,Null,,Null,교선,3,3,손희상,"화7,8",원격수업100?,,,
536,0000-1-4429-01,"메타버스,찐고수되기",Null,,Null,교선,3,3,정동훈,"월8,9",원격수업100?,,,
537,0000-1-4430-01,"슬기로운가정생활,관계놀이",Null,,Null,교선,3,3,최윤희 윤란호,"목8,9","원격수업100,팀티칭강의",,,
538,0000-1-4430-02,"슬기로운가정생활,관계놀이",외국인만 수강가능,,Null,교선,3,3,최윤희 윤란호,"목8,9","원격수업101,팀티칭강의,외국인전 용",,,
539,0000-1-4431-01,ICT가바꾸는미래의법,Null,,Null,교선,3,3,선지원,"화5,6",원격수업100?,,,
540,0000-1-4848-01,현대중국예술과문화코드이해,Null,,Null,교선,3,3,전보옥,"월7,8",원격수업100?,,,
541,0000-1-4848-02,현대중국예술과문화코드이해,외국인만 수강가능,,Null,교선,3,3,전보옥,"월7,8","원격수업100,외국인전용",,,
542,0000-1-4849-01,배터리신기술과우리의생활,Null,,Null,교선,3,3,손희상,"목7,8",원격수업100?,,,
543,0000-1-4849-02,배터리신기술과우리의생활,외국인만 수강가능,,Null,교선,3,3,손희상,"목7,8","원격수업100,외국인전용",,,
544,0000-1-4850-01,수학적사고로보는세상,Null,,Null,교선,3,3,최종성,"수7,8",원격수업100?,,,
545,0000-1-4850-02,수학적사고로보는세상,외국인만 수강가능,,Null,교선,3,3,최종성,"수7,8","원격수업100,외국인전용",,,
546,0000-1-4852-01,디지털헬스케어산업의이해,핵심직무1,,기초,교선,2,4,이석준,토3,"원격수업100,1~9주차 운영",,,
547,5080-2-4964-01,디지털서비스프로젝트관리실무,핵심직무1,,심화,전선,2,5,이석준,"수7,8,9","원격수업50이상,10~15주차 운영",,,
548,0000-1-4853-01,IoT헬스케어서비스및제품의이해,핵심직무2,,기초,교선,2,4,이재선,토5,"원격수업100,1~9주차 운영",,,
549,6050-2-4903-01,IoT헬스케어서비스제품개발실무,핵심직무2,,심화,전선,2,5,김양래,"화7,8,9","원격수업50이상,10~15주차 운영",,,
550,0000-1-4854-01,의료데이터의이해,핵심직무3,,기초,교선,2,4,이석준,토4,"원격수업100,1~9주차 운영",,,
551,5080-2-4965-01,의료빅데이터분석및활용실무,핵심직무3,,심화,전선,2,5,이석준,"월7,8,9","원격수업50이상,10~15주차 운영",,,
552,0000-1-4887-01,생체데이터와인공지능의이해,핵심직무4,,기초,교선,2,4,박철수,화3,"원격수업100,1~9주차 운영",,,
553,I020-2-4888-01,디지털헬스케어인공지능분석실무,핵심직무4,,심화,전선,2,5,박철수,"화7,8","원격수업50이상,10~15주차 운영",,,
554,0000-3-9746-01,안보학,Null,,Null,무관,3,4,Null,"화1,2,목1,2",Null,,,
555,0000-4-2737-01,조직리더십,Null,,Null,무관,3,4,Null,"화1,2,목1,2",Null,,,
573,7000-1-2957-01,공학설계입문,"전자(E1,E3)",,Null,전선,3,3,이지훈,"금1,2","영어100,TBL강의",,,
574,7000-1-2957-02,공학설계입문,"전자(E1,E3)",,Null,전선,3,3,정영욱,"금5,6","영어50,TBL강의",,,
575,7000-1-2957-03,공학설계입문,"전융(E7,E8)",,Null,전선,3,3,양훈기,"금3,4",Null,,,
576,7000-1-2957-04,공학설계입문,"전기(J1,J2)",,Null,전선,3,3,Null,"금1,2",TBL강의,,,
577,7000-1-2957-05,공학설계입문,"전기(J1,J2)",,Null,전선,3,3,Null,"금3,4",TBL강의,,,
578,7000-1-2957-06,공학설계입문,"전재(J3,J4)",,Null,전선,3,3,김민경,"월1,수2",영어50?,,,
579,7000-1-2957-07,공학설계입문,"반도체(T1,T2)",,Null,전선,3,3,Null,"화4,목3",영어50?,,,
580,7000-3-2103-01,확률및불규칙신호론,전자 3학년,,Null,전선,3,3,유지상,목3,"영어50,원격수업50이상",,,
581,7000-3-2103-02,확률및불규칙신호론,전자 3학년,,Null,전선,3,3,김영억,목5,"영어50,원격수업50이상",,,
582,7000-3-2103-03,확률및불규칙신호론,전자 3학년,,Null,전선,3,3,채성호,화3,"영어50,원격수업50이상",,,
583,7000-3-2103-04,확률및불규칙신호론,전통 3학년,,Null,전선,3,3,박수원,"화3,목4",영어50?,,,
584,7000-3-2103-05,확률및불규칙신호론,전융 3학년,,Null,전선,3,3,김형국,"화6,목5",영어50?,,,
585,7000-1-4651-01,공학설계도면작성,"인융대,공대 합반",,Null,기선,3,3,박수원,"화1,목2",융합강의,,,
586,7000-2-3120-01,현대재료과학,Null,,Null,전선,3,3,신원호,화2,"영어50,원격수업50이상",,,
587,7000-3-3270-01,전자및에너지재료공학,공대 합반,,Null,전선,3,3,손희상,"금3,4","영어50,융합강의",,,
588,7000-3-3766-01,신소재의원리와응용,"공대 합반,외국인만수강가능",,Null,전선,3,3,손희상,Null,"원격수업100,외국인전용",,,
589,7000-3-7905-01,공학기술과사회,"인융대,공대 합반",,Null,기선,3,3,민상원,"목5,6",융합강의,,,
590,7000-4-4984-01,지능형반도체공학,Null,,Null,전선,3,3,Null,"화6,목5",Null,,,
591,7000-4-8478-01,ICT창업프로젝트와지식재산권,Null,,Null,전선,3,3,이경학,"화5,6",창업교과목,,,
635,7060-1-3806-01,전공미리보기(OT학기제),E1~E4,,Null,전선,1,1,이정우,"수5,6",학과별 운영방식에 따라 별도로 운 영함,,,
640,7060-2-0444-01,디지털공학,Null,,Null,전선,3,3,Null,"월4,수3",영어50?,,,
641,7060-2-0444-02,디지털공학,Null,,Null,전선,3,3,Null,"금1,2",영어50?,,,
642,7060-2-0574-01,물리전자1,Null,,Null,전선,3,3,이지훈,"화3,목4",영어100?,,,
643,7060-2-0574-02,물리전자1,Null,,Null,전선,3,3,이현호,"화4,목3",영어50?,,,
644,7060-2-0574-03,물리전자1,Null,,Null,전선,3,3,박하민,"화1,목2",영어50?,,,
645,7060-2-1234-01,진로탐색및설계,타학과생(다전공생 포함) 수강불가,,Null,전선,1,2,이정우,"수7,8",원격수업100?,,,
646,7060-2-1411-01,전자기학1,Null,,Null,전선,3,3,김복기,"화1,목2",영어50?,,,
647,7060-2-1411-02,전자기학1,Null,,Null,전선,3,3,김복기,"화2,목1",영어50?,,,
648,7060-2-1411-03,전자기학1,Null,,Null,전선,3,3,김정근,"월6,수5",영어50?,,,
649,7060-2-1995-01,회로이론1,Null,,Null,전선,3,3,김복기,"월2,수1",영어50?,,,
650,7060-2-1995-02,회로이론1,Null,,Null,전선,3,3,박재영,"월3,수4",영어70?,,,
651,7060-2-1995-03,회로이론1,Null,,Null,전선,3,3,이정우,화2,"영어50,원격수업50이상",,,
652,7060-2-4512-01,기초전자회로및실험1,Null,,Null,전필,3,4,유지상,"화5,6,7,금3","영어50,TBL강의",,,
653,7060-2-4512-02,기초전자회로및실험1,Null,,Null,전필,3,4,박재영,"화5,6,7,금3","영어50,TBL강의",,,
654,7060-2-4512-03,기초전자회로및실험1,Null,,Null,전필,3,4,오태현,"목5,6,7,금3","영어50,TBL강의",,,
655,7060-2-4512-04,기초전자회로및실험1,Null,,Null,전필,3,4,이현호,"목5,6,7,금3","영어50,TBL강의",,,
656,7060-2-4512-05,기초전자회로및실험1,Null,,Null,전필,3,4,박하민,"금3,5,6,7","영어50,TBL강의",,,
657,7060-3-0488-01,마이크로파공학,Null,,Null,전선,3,3,김정근,"월5,수6",영어50?,,,
658,7060-3-1463-01,전자회로1,Null,,Null,전선,3,3,이상신,"월2,수1",영어70?,,,
659,7060-3-1463-02,전자회로1,Null,,Null,전선,3,3,오태현,"월3,수4",영어50?,,,
660,7060-3-1471-01,전자회로실험,Null,,Null,전필,3,4,김남영,"월5,6,7,금4","영어50,TBL강의",,,
661,7060-3-1471-02,전자회로실험,Null,,Null,전필,3,4,박호종,"수5,6,7,금4","영어50,TBL강의",,,
662,7060-3-1471-03,전자회로실험,Null,,Null,전필,3,4,이상신,"수5,6,7,금4","영어50,TBL강의",,,
663,7060-3-1471-04,전자회로실험,Null,,Null,전필,3,4,김정근,"금4,5,6,7","영어50,TBL강의",,,
664,7060-3-1471-05,전자회로실험,Null,,Null,전필,3,4,김현수,"월5,6,7,금4","영어50,TBL강의",,,
665,7060-3-1722-01,통신이론1,Null,,Null,전선,3,3,박호종,월4,"영어50,원격수업50이상",,,
666,7060-3-1722-02,통신이론1,Null,,Null,전선,3,3,정영욱,수4,"영어50,원격수업50이상",,,
667,7060-3-5694-01,경력개발과취업전략,타학과생(다전공생 포함) 수강불가,,Null,전선,2,2,이정우,"월6,7",Null,,,
668,7060-3-6528-01,반도체소자및설계,Null,,Null,전선,3,3,김남영,"월4,수3",영어100?,,,
669,7060-3-6528-02,반도체소자및설계,Null,,Null,전선,3,3,김현수,"화3,목4",영어50?,,,
670,7060-3-6528-03,반도체소자및설계,Null,,Null,전선,3,3,박하민,"화5,목6",영어50?,,,
671,7060-4-0237-01,광전자공학,Null,,Null,전선,3,3,이상신,"월4,수3",영어70?,,,
672,7060-4-0240-01,광통신공학,Null,,Null,전선,3,3,이재승,목5,"영어50,원격수업50이상",,,
673,7060-4-1180-01,이동통신시스템,Null,,Null,전선,3,3,정영욱,수5,"영어50,원격수업50이상",,,
674,7060-4-1498-01,정보이론,Null,,Null,전선,3,3,채성호,"화6,목5",영어50?,,,
675,7060-4-3280-01,인공지능과음성신호처리,Null,,Null,전선,3,3,박호종,"월3,수4",영어50?,,,
676,7060-4-4163-01,캡스톤설계,Null,,Null,전선,3,3,채성호,"금5,6",영어50?,,,
677,7060-4-4168-01,RF시스템,Null,,Null,전선,3,3,어윤성,"화4,목3",영어50?,,,
678,7060-4-4179-01,임베디드시스템,Null,,Null,전선,3,3,김영억,"화5,목6",영어50?,,,
679,7070-1-3806-01,전공미리보기(OT학기제),"E5,E6",,Null,전선,1,1,채주형,Null,학과별 운영방식에 따라 별도로 운 영함,,,
682,7070-2-0444-01,디지털공학,Null,,Null,전선,3,3,정용진,"월4,수3",영어50?,,,
683,7070-2-0444-02,디지털공학,Null,,Null,전선,3,3,정용진,"월6,수5",영어50?,,,
684,7070-2-0573-01,물리전자,Null,,Null,전선,3,3,정인영,"월3,수4",영어50?,,,
685,7070-2-0573-02,물리전자,Null,,Null,전선,3,3,박찬형,"화4,목3",영어50?,,,
686,7070-2-1411-01,전자기학1,Null,,Null,전선,3,3,송익환,"화3,목4",영어50?,,,
687,7070-2-1411-02,전자기학1,Null,,Null,전선,3,3,송익환,"화6,목5",영어50?,,,
688,7070-2-1995-01,회로이론1,Null,,Null,전필,3,3,박찬형,"화2,목1",영어50?,,,
689,7070-2-3903-01,기초전자회로실험1,Null,,Null,전필,3,4,민상원,"수0,1,2",Null,,,
690,7070-2-3903-02,기초전자회로실험1,Null,,Null,전필,3,4,손채봉,"월0,1,2",Null,,,
691,7070-2-3903-03,기초전자회로실험1,Null,,Null,전필,3,4,최영석,"수0,1,2",Null,,,
692,7070-3-0419-01,데이타통신,Null,,Null,전선,3,3,민상원,"화4,목3",영어50?,,,
693,7070-3-0458-01,디지털신호처리,Null,,Null,전선,3,3,최영석,"월3,수4",영어50?,,,
694,7070-3-0922-01,시스템프로그래밍,Null,,Null,전선,3,3,손채봉,"화7,8,9","영어50,원격수업100?",,,
695,7070-3-1245-01,자료구조및알고리즘,Null,,Null,전선,3,3,Null,"금1,2",영어50?,,,
696,7070-3-1463-01,전자회로1,Null,,Null,전선,3,3,채주형,월2,"영어50,원격수업50이상",,,
697,7070-3-1463-02,전자회로1,Null,,Null,전선,3,3,채주형,수3,"영어50,원격수업50이상",,,
698,7070-3-1472-01,전자회로실험1,Null,,Null,전필,3,4,박찬형,"수5,6,7",Null,,,
699,7070-3-1472-02,전자회로실험1,Null,,Null,전필,3,4,정인영,"수5,6,7",Null,,,
700,7070-3-1472-03,전자회로실험1,Null,,Null,전필,3,4,채주형,"월5,6,7",Null,,,
701,7070-3-1472-04,전자회로실험1,Null,,Null,전필,3,4,서효운,"월5,6,7",Null,,,
702,7070-3-1647-01,컴퓨터구조,Null,,Null,전선,3,3,정용진,"화5,목6",영어50?,,,
703,7070-3-1721-01,통신이론,Null,,Null,전선,3,3,서효운,"화6,목5",영어50?,,,
704,7070-4-0237-01,광전자공학,Null,,Null,전선,3,3,정영철,수2,원격수업50이상,,,
705,7070-4-0629-01,반도체공학,Null,,Null,전선,3,3,정인영,"화6,목5",영어50?,,,
706,7070-4-2670-01,네트워크프로그래밍,Null,,Null,전선,3,3,손채봉,"월5,수6",영어50?,,,
707,7070-4-2670-02,네트워크프로그래밍,Null,,Null,전선,3,3,손채봉,"월6,수5",영어50?,,,
708,7070-4-4163-01,캡스톤설계,Null,,Null,전선,3,3,서효운,"금3,4","영어50,TBL강의",,,
709,7420-1-3806-01,전공미리보기(OT학기제),"E7,E8",,Null,전선,1,1,임한상,Null,학과별 운영방식에 따라 별도로 운 영함,,,
712,7420-2-0372-01,기초회로실험1,Null,,Null,전선,3,4,이승형,"수5,6,7",Null,,,
713,7420-2-0372-02,기초회로실험1,Null,,Null,전선,3,4,김진영,"화5,6,7",Null,,,
714,7420-2-0372-03,기초회로실험1,Null,,Null,전선,3,4,박면주,"월5,6,7",Null,,,
715,7420-2-0444-01,디지털공학,Null,,Null,전필,3,3,임한상,"월1,수2",영어50?,,,
716,7420-2-0444-02,디지털공학,Null,,Null,전필,3,3,임한상,"월2,수1",영어50?,,,
717,7420-2-1411-01,전자기학1,Null,,Null,전필,3,3,정용식,"화3,목4",영어50?,,,
718,7420-2-1411-02,전자기학1,Null,,Null,전필,3,3,정용식,"화4,목3",영어50?,,,
719,7420-2-1995-01,회로이론1,Null,,Null,전필,3,3,박면주,"월3,수4",영어50?,,,
720,7420-2-1995-02,회로이론1,Null,,Null,전필,3,3,박면주,"월4,수3",영어50?,,,
721,7420-2-6891-01,반도체소자1,Null,,Null,전선,3,3,이종철,"화1,목2",영어50?,,,
722,7420-2-6891-02,반도체소자1,Null,,Null,전선,3,3,이종철,"화2,목1",영어50?,,,
723,7420-3-1463-01,전자회로1,Null,,Null,전필,3,3,Null,"월5,수6",Null,,,
724,7420-3-1472-01,전자회로실험1,Null,,Null,전선,3,4,이종철,"월0,1,2",Null,,,
725,7420-3-1472-02,전자회로실험1,Null,,Null,전선,3,4,정용식,"수0,1,2",Null,,,
726,7420-3-1472-03,전자회로실험1,Null,,Null,전선,3,4,임한상,"목0,1,2",Null,,,
727,7420-3-1721-01,통신이론,Null,,Null,전선,3,3,양훈기,"화3,목4",영어50?,,,
728,7420-3-2004-01,신호및시스템,Null,,Null,전필,3,3,김진영,"금5,6",영어50?,,,
729,7420-3-5694-01,경력개발과취업전략,타학과생(다전공생 포함) 수강불가,,Null,전선,2,2,임한상,"월6,7",Null,,,
730,7420-4-3387-01,영상신호처리,Null,,Null,전선,3,3,김형국,"화5,목6",영어50?,,,
731,7420-4-4022-01,스마트안테나,Null,,Null,전선,3,3,정용식,"금1,2",영어50?,,,
732,7420-4-4164-01,캡스톤설계1,Null,,Null,전선,3,3,김형국,"금3,4","영어50,세미나강의",,,
733,7420-4-5263-01,초고주파응용,Null,,Null,전선,3,3,최진주,"화4,목3",영어50?,,,
734,7420-4-8483-01,머신러닝,Null,,Null,전선,3,3,이승형,"화3,목4",영어50?,,,
735,7320-1-3806-01,전공미리보기(OT학기제),"J1,J2",,Null,전선,1,1,이태훈,Null,학과별 운영방식에 따라 별도로 운 영함,,,
738,7320-2-1411-01,전자기학1,Null,,Null,전필,3,3,허돈,화1,원격수업100?,,,
739,7320-2-1995-01,회로이론1,Null,,Null,전필,3,3,최주엽,"월2,수1",영어50?,,,
740,7320-2-1995-02,회로이론1,Null,,Null,전필,3,3,이태훈,"월1,수2",Null,,,
741,7320-2-2111-01,디지털논리회로설계,Null,,Null,전선,3,3,김형석,목2,"영어50,원격수업100?",,,
742,7320-2-6900-01,전기및디지털회로실험,Null,,Null,전필,3,4,최주엽,"화5,6,7",Null,,,
743,7320-2-6900-02,전기및디지털회로실험,Null,,Null,전필,3,4,정승기,"목5,6,7",Null,,,
744,7320-2-6900-03,전기및디지털회로실험,Null,,Null,전필,3,4,송승호,"수5,6,7",Null,,,
745,7320-3-1293-01,전기기계1,Null,,Null,전선,3,3,정승기,"월4,수3",Null,,,
746,7320-3-1474-01,전자회로응용,Null,,Null,전선,3,3,김형석,목3,"영어50,원격수업100?",,,
747,7320-3-2004-01,신호및시스템,Null,,Null,전선,3,3,김형석,"금3,4",Null,,,
748,7320-3-3101-01,반도체소자공학,Null,,Null,전선,3,3,이태훈,"월2,수1",영어50?,,,
749,7320-3-4023-01,전기공학머신러닝실습,Null,,Null,전필,3,4,윤민한,"월5,6,7",Null,,,
750,7320-3-4023-02,전기공학머신러닝실습,Null,,Null,전필,3,4,이정훈,"목0,1,2",Null,,,
751,7320-3-4023-03,전기공학머신러닝실습,Null,,Null,전필,3,4,이건영,"금0,1,2",Null,,,
752,7320-3-5694-01,경력개발과취업전략,타학과생(다전공생 포함) 수강불가,,Null,전선,2,2,이기백,"화6,7",Null,,,
753,7320-4-0834-01,센서공학,Null,,Null,전선,3,3,이정훈,"화5,목6",Null,,,
754,7320-4-1524-01,제어공학2,Null,,Null,전선,3,3,이기백,"월6,수5",Null,,,
755,7320-4-3103-01,재생에너지발전공학,Null,,Null,전선,3,3,송승호,"월2,수1",Null,,,
756,7320-4-3105-01,전력변환시스템설계,Null,,Null,전선,3,3,최주엽,"월1,수2",영어50?,,,
757,7320-4-4163-01,캡스톤설계,Null,,Null,전선,3,3,이태훈,"금3,4",TBL강의,,,
758,7320-4-6147-01,전력시스템공학,Null,,Null,전선,3,3,허돈,"금1,2",Null,,,
759,7340-1-3806-01,전공미리보기(OT학기제),"J3,J4",,Null,전선,1,1,김민경,"금5,6",학과별 운영방식에 따라 별도로 운 영함,,,
762,7340-2-0453-01,디지털논리회로1,Null,,Null,전선,3,3,김동욱,"월6,수5",영어50?,,,
763,7340-2-0574-01,물리전자1,Null,,Null,전필,3,3,김민경,"월3,수4",영어50?,,,
764,7340-2-1234-01,진로탐색및설계,타학과생(다전공생 포함) 수강불가,,Null,전선,1,2,김민경,"월8,9",원격수업100?,,,
765,7340-2-1411-01,전자기학1,Null,,Null,전필,3,3,황인찬,월2,"영어50,원격수업100?",,,
766,7340-2-1995-01,회로이론1,Null,,Null,전선,3,3,하태준,월4,"영어50,원격수업50이상",,,
767,7340-2-1995-02,회로이론1,Null,,Null,전선,3,3,고승훈,"화3,목4",영어50?,,,
768,7340-2-3586-01,기초회로실험및설계1,Null,,Null,전필,3,4,구상모,"화5,6,7",TBL강의,,,
769,7340-2-3586-02,기초회로실험및설계1,Null,,Null,전필,3,4,오종민,"목5,6,7",TBL강의,,,
770,7340-2-3586-03,기초회로실험및설계1,Null,,Null,전필,3,4,김동욱,"화8,9,10,11",TBL강의,,,
771,7340-2-4391-01,발명과특허제도,Null,,Null,전선,3,3,권지현,"수7,8,9",Null,,,
772,7340-3-1020-01,열역학,Null,,Null,전선,3,3,하재근,"화6,목5",영어50?,,,
773,7340-3-1463-01,전자회로1,Null,,Null,전선,3,3,김동욱,"화5,목6",영어50?,,,
774,7340-3-3834-01,진공공학1,Null,,Null,전선,3,3,김진영,"금3,4",영어50?,,,
775,7340-3-4393-01,발명기법과특허출원전략,Null,,Null,전선,3,3,권지현,"목7,8,9",Null,,,
776,7340-3-4864-01,전자재료물성실험및설계1,Null,,Null,전필,3,4,조원주,"금0,1,2",Null,,,
777,7340-3-4864-02,전자재료물성실험및설계1,Null,,Null,전필,3,4,하태준,"월5,6,7",Null,,,
778,7340-3-4864-03,전자재료물성실험및설계1,Null,,Null,전필,3,4,신원호,"수5,6,7",Null,,,
779,7340-3-5694-01,경력개발과취업전략,타학과생(다전공생 포함) 수강불가,,Null,전선,2,2,신원호,"화6,7",Null,,,
780,7340-3-5862-01,반도체소자공학1,Null,,Null,전선,3,3,구상모,"월3,수4",영어50?,,,
781,7340-3-8488-01,전자세라믹스,Null,,Null,전선,3,3,오종민,화4,"영어50,원격수업50이상",,,
782,7340-4-2104-01,집적회로설계,Null,,Null,전선,3,3,고승훈,"화4,목3",영어50?,,,
783,7340-4-3835-01,디스플레이공학,Null,,Null,전선,3,3,김민경,"월5,수6",영어50?,,,
784,7340-4-4164-01,캡스톤설계1,Null,,Null,전선,3,3,하재근,"화8,9,10",세미나강의,,,
785,7340-4-4866-01,전자재료공정실험및설계1,Null,,Null,전선,3,4,김동욱,"금3,4,5",PBL강의,,,
786,7340-4-4866-02,전자재료공정실험및설계1,Null,,Null,전선,3,4,조원주,"금6,7,8",PBL강의,,,
787,7340-4-5867-01,반도체공정2,Null,,Null,전선,3,3,조원주,월3,"영어50,원격수업50이상",,,
788,7460-1-3806-01,전공미리보기(OT학기제),"T1,T2",,Null,전선,1,1,이준환,Null,학과별 운영방식에 따라 별도로 운 영함,,,
805,I000-1-2957-01,공학설계입문,컴정(C1~C3),,Null,전선,3,3,신동화,월2,"원격수업50이상,TBL강의",,,
806,I000-1-2957-02,공학설계입문,소프트(C4~C6),,Null,전선,3,3,임재한,월3,"원격수업50이상,TBL강의",,,
807,I000-1-3674-01,창의설계입문,정융(C7~C9),,Null,전선,3,3,신원경,"월2,수1",영어50?,,,
808,I000-1-3674-02,창의설계입문,정융(C7~C9),,Null,전선,3,3,김미화,"금3,4",영어50?,,,
809,I000-1-4002-01,통계학개론,정융(C7~C9),,Null,전선,3,3,Null,"월3,수4",영어50?,,,
810,I000-1-4002-02,통계학개론,정융(C7~C9),,Null,전선,3,3,정소희,"금1,2",영어50?,,,
811,I000-1-4651-01,공학설계도면작성,"전정대,공대와 합반",,Null,기선,3,3,박수원,"화1,목2",융합강의,,,
812,I000-1-6241-01,로봇학입문,로봇(J5~J8),,Null,전선,3,3,Null,"월5,수6",TBL강의,,,
813,I000-1-6241-02,로봇학입문,로봇(J5~J8),,Null,전선,3,3,Null,"화1,목2",TBL강의,,,
814,I000-2-1186-01,이산수학,소프트,,Null,전선,3,3,김용혁,"월5,수6",영어50?,,,
815,I000-2-1186-02,이산수학,소프트,,Null,전선,3,3,Null,"월1,2",Null,,,
816,I000-3-7905-01,공학기술과사회,"전정대,공대와 합반",,Null,기선,3,3,민상원,"목5,6",융합강의,,,
817,I000-4-3097-01,딥러닝,Null,,Null,전선,3,3,오정현,"월3,수4",영어50?,,,
849,I020-1-8101-01,컴퓨터공학입문세미나,C1~C3,,Null,전선,2,2,최상호,"화7,8",세미나강의,,,
850,I020-2-0453-01,디지털논리회로1,Null,,Null,전필,3,3,유지현,"금1,2",Null,,,
851,I020-2-1234-01,진로탐색및설계,타학과생(다전공생 포함) 수강불가,,Null,전선,1,2,이기훈,"수7,8",원격수업100?,,,
852,I020-2-1994-01,회로이론,Null,,Null,전선,3,3,Null,"월1,수2",Null,,,
853,I020-2-1994-02,회로이론,Null,,Null,전선,3,3,Null,"금5,6",Null,,,
855,I020-2-8086-01,컴퓨터공학기초실험1,Null,,Null,전선,2,4,이혁준,"월0,1,2",Null,,,
856,I020-2-8086-02,컴퓨터공학기초실험1,Null,,Null,전선,2,4,이형근,"수0,1,2",Null,,,
857,I020-2-8086-03,컴퓨터공학기초실험1,Null,,Null,전선,2,4,이준환,"금0,1,2",Null,,,
858,I020-2-8481-01,객체지향프로그래밍설계,Null,,Null,전필,3,3,심동규,"화4,목3","영어50,PBL강의",,,
859,I020-2-8481-02,객체지향프로그래밍설계,Null,,Null,전필,3,3,신동화,"금3,4","영어50,PBL강의",,,
860,I020-2-8482-01,객체지향프로그래밍실습,Null,,Null,전선,1,2,신동화,"목7,8",Null,,,
861,I020-2-8482-02,객체지향프로그래밍실습,Null,,Null,전선,1,2,이기훈,"금3,4",Null,,,
862,I020-2-8482-03,객체지향프로그래밍실습,Null,,Null,전선,1,2,심동규,"화7,8",Null,,,
863,I020-3-0922-01,시스템프로그래밍,Null,,Null,전필,3,3,김태석,"월5,수6",영어50?,,,
864,I020-3-0922-02,시스템프로그래밍,Null,,Null,전필,3,3,최상호,목4,"영어50,원격수업50이상",,,
865,I020-3-1647-01,컴퓨터구조,Null,,Null,전필,3,3,이성원,"월3,수4",영어50?,,,
866,I020-3-1654-01,컴퓨터네트워크,Null,,Null,전선,3,3,이혁준,"화5,목6",Null,,,
867,I020-3-2004-01,신호및시스템,Null,,Null,전선,3,3,이성원,"월4,수3",영어50?,,,
868,I020-3-3704-01,시스템프로그래밍실습,Null,,Null,전선,1,2,최상호,"금1,2",Null,,,
869,I020-3-3704-02,시스템프로그래밍실습,Null,,Null,전선,1,2,최상호,"금5,6",Null,,,
870,I020-3-3704-03,시스템프로그래밍실습,Null,,Null,전선,1,2,김태석,"금7,8",Null,,,
871,I020-3-3831-01,컴퓨터구조실험,Null,,Null,전선,1,2,이성원,"수7,8",Null,,,
872,I020-3-3831-02,컴퓨터구조실험,Null,,Null,전선,1,2,이혁준,"금3,4",Null,,,
873,I020-3-8993-01,소프트웨어프로젝트1,Null,,Null,전선,3,4,이우신,"화2,목1,2",Null,,,
874,I020-4-0846-01,소프트웨어공학,Null,,Null,전선,3,3,이기훈,"월3,수4",영어50?,,,
875,I020-4-3112-01,무선이동네트워크및5G,Null,,Null,전선,3,3,이형근,"화6,목5",Null,,,
876,I020-4-4136-01,컴퓨터비젼,Null,,Null,전선,3,3,심동규,"월4,수3",영어50?,,,
877,I020-4-4433-01,AI시스템온칩설계및응용,Null,,Null,전선,3,3,Null,"월2,수1",Null,,,
878,I020-4-5861-01,임베디드시스템S/W설계,Null,,Null,전선,3,3,김태석,"월6,수5",영어50?,,,
879,I020-4-8483-01,머신러닝,Null,,Null,전선,3,3,박철수 이혁준,"월5,수6",팀티칭강의,,,
880,I020-4-8995-01,산학협력캡스톤설계1,Null,,Null,전선,3,3,이형근,"화5,목6",TBL강의,,,
884,I030-1-8998-01,소프트웨어입문세미나,C4~C6,,Null,전선,1,1,임재한,목4,세미나강의,,,
885,I030-2-0448-01,디지털논리,Null,,Null,전선,3,3,김진우,"화4,목3",Null,,,
886,I030-2-0448-02,디지털논리,Null,,Null,전선,3,3,김진우,"화6,목5",Null,,,
887,I030-2-3403-01,고급프로그래밍,Null,,Null,전선,3,3,이강훈,"화5,목6",영어50?,,,
888,I030-2-3403-02,고급프로그래밍,Null,,Null,전선,3,3,최영근,"월1,2",Null,,,
889,I030-2-8484-01,리눅스활용실습,Null,,Null,전선,2,3,박병준,"화0,1,2",Null,,,
890,I030-2-8484-02,리눅스활용실습,Null,,Null,전선,2,3,Null,"화0,1,2",Null,,,
891,I030-2-8484-03,리눅스활용실습,Null,,Null,전선,2,3,Null,"목0,1,2",Null,,,
892,I030-3-0969-01,알고리즘,Null,,Null,전필,3,3,박병준,"월6,수5","영어50,PBL강의",,,
893,I030-3-0969-02,알고리즘,Null,,Null,전필,3,3,김용혁,"월6,수5","영어50,PBL강의",,,
894,I030-3-1110-01,운영체제,Null,,Null,전선,3,3,안우현,월3,"영어50,원격수업50이상",,,
895,I030-3-1110-02,운영체제,Null,,Null,전선,3,3,안우현,월4,"영어50,원격수업50이상",,,
896,I030-3-1647-01,컴퓨터구조,Null,,Null,전선,3,3,이윤구,화1,"영어50,원격수업50이상",,,
897,I030-3-1647-02,컴퓨터구조,Null,,Null,전선,3,3,이윤구,화2,"영어50,원격수업50이상",,,
898,I030-3-3663-01,데이터베이스,Null,,Null,전선,3,3,문승현,"화4,목3",영어50?,,,
899,I030-3-3663-02,데이터베이스,Null,,Null,전선,3,3,문승현,"화6,목5",영어50?,,,
900,I030-3-4453-01,가상세계,Null,,Null,전선,3,3,이강훈,"금3,4",Null,,,
901,I030-3-4534-01,데이터통신,Null,,Null,전선,3,3,최웅철,"월5,수6",영어50?,,,
902,I030-3-8485-01,응용소프트웨어실습,Null,,Null,전필,3,4,이강훈,"월0,1,2",Null,,,
903,I030-3-8485-02,응용소프트웨어실습,Null,,Null,전필,3,4,김용혁,"수0,1,2",Null,,,
904,I030-3-8485-03,응용소프트웨어실습,Null,,Null,전필,3,4,임재한,"금0,1,2",Null,,,
905,I030-4-0846-01,소프트웨어공학,Null,,Null,전선,3,3,이윤구,"금1,2",영어50?,,,
906,I030-4-3683-01,딥러닝실습,Null,,Null,전선,2,3,문승현,"금5,6",Null,,,
907,I030-4-3684-01,정보시스템응용,Null,,Null,전선,3,3,최웅철,"월6,수5",Null,,,
908,I030-4-3830-01,네트워크보안,Null,,Null,전선,3,3,김진우,"화5,목6",영어50?,,,
909,I030-4-4535-01,무선네트워크,Null,,Null,전선,3,3,최웅철,"월4,수3",Null,,,
910,I030-4-8995-01,산학협력캡스톤설계1,Null,,Null,전선,3,3,이동호,"금3,4",세미나강의,,,
911,I030-4-9151-01,기계학습,Null,,Null,전선,3,3,박병준,월5,원격수업50이상,,,
912,I040-1-3806-01,전공미리보기(OT학기제),C7~C9,,Null,전선,1,1,김동준,Null,학과별 운영방식에 따라 별도로 운 영함,,,
916,I040-2-1234-01,진로탐색및설계,타학과생(다전공생 포함) 수강불가,,Null,전선,1,2,김동준,"화10,11",원격수업100?,,,
917,I040-2-1655-01,컴퓨터네트워크,Null,,Null,전선,3,3,박재성,"화3,목4",영어50?,,,
918,I040-2-1655-02,컴퓨터네트워크,Null,,Null,전선,3,3,박재성,"화5,목6",영어50?,,,
919,I040-2-3688-01,AI수학,Null,,Null,전필,3,3,조민수,목5,"영어50,원격수업50이상",,,
920,I040-2-3688-02,AI수학,Null,,Null,전필,3,3,조민수,"화4,목3",영어50?,,,
921,I040-2-4501-01,빅데이터프로그래밍,Null,,Null,전선,3,3,임동혁,"월5,수6","영어50,TBL강의",,,
922,I040-2-4501-02,빅데이터프로그래밍,Null,,Null,전선,3,3,임동혁,"월6,수5","영어50,TBL강의",,,
923,I040-2-7777-01,객체지향프로그래밍,Null,,Null,전필,3,3,김수환,"월2,수1",영어50?,,,
924,I040-2-7777-02,객체지향프로그래밍,Null,,Null,전필,3,3,김준석,"화1,목2",영어50?,,,
925,I040-2-7777-03,객체지향프로그래밍,Null,,Null,전필,3,3,김준석,"화2,목1",영어50?,,,
926,I040-2-8461-01,오픈소스소프트웨어,Null,,Null,전선,3,3,박규동,"월4,수3",영어50?,,,
927,I040-3-3951-01,컴퓨터그래픽스,Null,,Null,전선,3,3,김동준,"화4,목3",영어50?,,,
928,I040-3-4139-01,텍스트마이닝,Null,,Null,전선,3,3,조민수,"월3,수4","영어50,PBL강의",,,
929,I040-3-4503-01,IoT시스템설계및실습,Null,,Null,전선,3,4,박재성,"수5,6,7",영어50?,,,
930,I040-3-5474-01,컴퓨터비전,Null,,Null,전선,3,3,김수환,"월4,수3",영어50?,,,
931,I040-3-7737-01,UX/UI디자인,Null,,Null,전선,3,3,김현경,수2,"영어50,원격수업50이상",,,
932,I040-3-9151-01,기계학습,Null,,Null,전선,3,3,이상민,"화3,목4",영어50?,,,
933,I040-3-9617-01,실험설계및분석,Null,,Null,전선,3,3,박규동,"월2,수1","영어50,원격수업50이상",,,
934,I040-4-3716-01,인터랙티브AI,Null,,Null,전선,3,3,이상민,"월4,수3",영어50?,,,
935,I040-4-4028-01,증강현실,Null,,Null,전선,3,3,김동준,"금3,4",영어50?,,,
936,I040-4-4434-01,딥러닝프로그래밍,Null,,Null,전선,3,3,김준석,"화5,목6",영어50?,,,
937,I040-4-8995-01,산학협력캡스톤설계1,Null,,Null,전선,3,3,조재희,수2,"영어50,원격수업50이상",,,
938,I040-4-9925-01,데이터시각화,Null,,Null,전선,3,3,조재희,"월3,수4",Null,,,
939,I050-1-3806-01,전공미리보기(OT학기제),J5~J8,,Null,전선,1,1,오정현,Null,학과별 운영방식에 따라 별도로 운 영함,,,
944,I050-2-0444-01,디지털공학,Null,,Null,전선,3,3,박일우,"화4,목3",영어50?,,,
945,I050-2-1234-01,진로탐색및설계,타학과생(다전공생 포함) 수강불가,,Null,전선,1,2,Null,"목6,7",원격수업100?,,,
946,I050-2-1411-01,전자기학1,Null,,Null,전선,3,3,남재광,"월5,수6",영어50?,,,
947,I050-2-1995-01,회로이론1,Null,,Null,전선,3,3,Null,"월1,수2",영어50?,,,
948,I050-2-1995-02,회로이론1,Null,,Null,전선,3,3,Null,"화2,목1",Null,,,
949,I050-2-2865-01,기초역학,Null,,Null,전선,3,3,조황,"금5,6","영어50,원격수업100?",,,
950,I050-2-6154-01,로봇학실험1,Null,,Null,전필,3,4,최용훈,"화0,1,2",Null,,,
951,I050-2-6154-02,로봇학실험1,Null,,Null,전필,3,4,백주훈,"목0,1,2",Null,,,
952,I050-2-6154-03,로봇학실험1,Null,,Null,전필,3,4,박일우,"금0,1,2",Null,,,
953,I050-3-0492-01,마이크로프로세서,Null,,Null,전선,3,3,박일우,"화6,목5",영어50?,,,
954,I050-3-0834-01,센서공학,Null,,Null,전선,3,3,남재광,"화4,목3",영어50?,,,
955,I050-3-0969-01,알고리즘,Null,,Null,전선,3,3,박광현,"월4,수3",영어50?,,,
956,I050-3-1235-01,자동제어,Null,,Null,전선,3,3,백주훈,"화3,목4",영어50?,,,
957,I050-3-1655-01,컴퓨터네트워크,Null,,Null,전선,3,3,최용훈,"월3,수4",영어50?,,,
958,I050-3-4795-01,로봇게임세미나24-1,Null,,Null,전선,3,3,박광현,"수7,8,9","영어50,세미나강의",,,
959,I050-3-5481-01,로봇운동학,Null,,Null,전필,3,3,남재광,"월2,수1",영어50?,,,
960,I050-3-6538-01,로봇학실험3,Null,,Null,전필,3,4,양우성,"월0,1,2",Null,,,
961,I050-3-6538-02,로봇학실험3,Null,,Null,전필,3,4,오정현,"금5,6,7",Null,,,
962,I050-3-6538-03,로봇학실험3,Null,,Null,전필,3,4,박광현,"수0,1,2",Null,,,
963,I050-4-4163-01,캡스톤설계,Null,,Null,전선,3,3,오정현,"월6,7,8","영어50,PBL강의",,,
964,I050-4-4179-01,임베디드시스템,Null,,Null,전선,3,3,서한석,"목7,8,9",영어50?,,,
965,I050-4-6907-01,로봇응용시스템,Null,,Null,전선,3,3,양우성,"화3,목4",영어50?,,,
966,I060-1-4278-01,지능형로봇의이해,Null,,Null,전선,2,2,최용훈,"금5,6",원격수업100(강의실에서 진행),,,
967,I060-1-4287-01,로봇명사와의만남,Null,,Null,전선,2,2,정문호,"금1,2",원격수업100?,,,
968,I060-2-4483-01,로봇과상상,Null,,Null,전선,3,3,김율희,"금3,4",TBL강의,,,
969,I060-2-4484-01,로봇기초실습,Null,,Null,전선,3,3,이기백,"화3,목4",Null,,,
970,I060-2-4485-01,모바일로봇의이해,Null,,Null,전선,3,3,정문호,"금5,6","TBL강의,팀티칭강의",,,
971,I060-3-4286-01,마이크로프로세서응용설계,Null,,Null,전선,3,3,이기백,목6,원격수업50이상,,,
972,I060-3-4301-01,로봇프로그래밍,Null,,Null,전선,3,3,Null,"월6,수5",Null,,,
973,I060-4-4026-01,로봇비전응용,Null,,Null,전선,3,3,정문호,"화4,목3",Null,,,
985,1000-1-4651-01,공학설계도면작성,"전정대,인융대와 합반",,Null,기선,3,3,박수원,"화1,목2",융합강의,,,
986,1000-2-0875-01,수치해석,"화공 3학년, 환경 2학년",,Null,전선,3,3,김영희,"월1,수2",Null,,,
987,1000-2-8584-01,창업프로세스와지식재산권,Null,,Null,전선,3,3,조용천,"화5,6",창업교과목,,,
988,1000-3-3270-01,전자및에너지재료공학,전정대와 합반,,Null,전선,3,3,손희상,"금3,4","영어50,융합강의",,,
989,1000-3-3766-01,신소재의원리와응용,전정대와 합반 외국인만 수강가능,,Null,전선,3,3,손희상,Null,"영어100,원격수업100,외국인전용",,,
990,1000-3-4002-01,통계학개론,"화공, 환경 3학년",,Null,전선,3,3,김계완,"월5,6",Null,,,
991,1000-3-7905-01,공학기술과사회,"전정대,인융대와 합반",,Null,기선,3,3,민상원,"목5,6",융합강의,,,
992,1000-3-8831-01,기술창업전략및실습,Null,,Null,전선,3,3,손희상,"월7,8,9","영어50,창업교과목",,,
1009,1140-1-3806-01,전공미리보기(OT학기제),"K1,K2",,Null,전선,1,1,이기원,Null,학과별 운영방식에 따라 별도로 운 영함,,,
1010,1140-1-2957-01,공학설계입문,"K1,K2",,Null,전선,3,3,김영훈,"월6,수5",TBL강의,,,
1011,1140-2-0720-01,분석화학,Null,,Null,전선,3,3,박세규,화2,"영어50,원격수업100?",,,
1012,1140-2-1135-01,유기화학1,Null,,Null,전필,3,3,김대흠,"월4,수3",영어50?,,,
1013,1140-2-1135-02,유기화학1,Null,,Null,전필,3,3,이기원,"월4,수3",Null,,,
1014,1140-2-1911-01,화공양론,Null,,Null,전필,3,3,이기원,"화6,목5",Null,,,
1015,1140-2-4069-01,AI화공개론,Null,,Null,전선,3,3,김연수,"월5,수6",PBL강의,,,
1016,1140-2-4872-01,화공기초이론및실험1,Null,,Null,전필,3,4,김대흠,"월0,1,2",영어50?,,,
1017,1140-2-4872-02,화공기초이론및실험1,Null,,Null,전필,3,4,김영훈,"수0,1,2",Null,,,
1018,1140-2-4872-03,화공기초이론및실험1,Null,,Null,전필,3,4,박세규,"금0,1,2",영어50?,,,
1019,1140-3-0644-01,반응공학,Null,,Null,전선,3,3,박세규,"금3,4",영어50?,,,
1020,1140-3-0790-01,생물화학공학,Null,,Null,전선,3,3,유하영,"월6,7,8",영어50?,,,
1021,1140-3-1147-01,유체역학,Null,,Null,전필,3,3,윤도영,"월2,수1",영어70?,,,
1022,1140-3-1266-01,재료공학,Null,,Null,전선,3,3,손희상,"금5,6","영어50,PBL강의",,,
1023,1140-3-1915-01,화공열역학1,Null,,Null,전선,3,3,김영훈,"월4,수3",Null,,,
1024,1140-3-4874-01,단위조작이론및실험1,Null,,Null,전필,3,4,윤도영,"화0,1,2",영어70?,,,
1025,1140-3-4874-02,단위조작이론및실험1,Null,,Null,전필,3,4,손희상,"금0,1,2",영어50?,,,
1026,1140-3-4874-03,단위조작이론및실험1,Null,,Null,전필,3,4,김연수,"목0,1,2",Null,,,
1027,1140-3-5694-01,경력개발과취업전략,타학과생(다전공생 포함) 수강불가,,Null,전선,2,2,손희상,"수6,7",Null,,,
1028,1140-4-0168-01,고분자화학,Null,,Null,전선,3,3,김대흠,"월6,수5",영어50?,,,
1029,1140-4-1905-01,화공설계,Null,,Null,전선,3,3,김연수,"월1,수2",Null,,,
1030,1140-4-1968-01,환경화학공학,Null,,Null,전선,3,3,손희상,수4,"영어50,원격수업100?",,,
1031,1140-4-4066-01,의생명공학,Null,,Null,전선,3,3,이택,"금5,6",영어50?,,,
1032,1140-4-4875-01,생물화학공학이론및실험,Null,,Null,전선,3,4,박철환,"화0,1,2",영어50?,,,
1033,1140-4-4875-02,생물화학공학이론및실험,Null,,Null,전선,3,4,이택,"목0,1,2",영어50?,,,
1034,1140-4-5479-01,물질전달공정,Null,,Null,전선,3,3,윤도영,"월4,수3",영어50?,,,
1035,1140-4-9722-01,캡스톤설계심화,Null,,Null,전선,3,3,박철환,"화5,6","영어70,PBL강의",,,
1036,1160-1-3806-01,전공미리보기(OT학기제),K3,,Null,전선,1,1,양재규,Null,학과별 운영방식에 따라 별도로 운 영함,,,
1037,1160-1-2957-01,공학설계입문,K3,,Null,전선,3,3,장민,"월5,수6","영어50,TBL강의",,,
1038,1160-2-0857-01,수문학,Null,,Null,전선,3,3,이영수,"금5,6",Null,,,
1039,1160-2-1952-01,환경미생물학,Null,,Null,전선,3,3,강선홍,"월3,수4",영어50?,,,
1040,1160-2-3135-01,환경화학,Null,,Null,전선,3,3,코두루,"월4,수3",영어100?,,,
1041,1160-2-3136-01,환경단위조작,Null,,Null,전선,3,3,장윤영,"화3,목4",영어70?,,,
1042,1160-2-5486-01,환경기초실험,Null,,Null,전선,3,4,양재규,"화5,6,7",영어50?,,,
1043,1160-3-4126-01,지반환경위해성평가,Null,,Null,전선,3,3,장윤영,"화4,목3",영어70?,,,
1044,1160-3-4881-01,물리화학적수처리,Null,,Null,전선,3,3,강선홍,"월4,수3",영어50?,,,
1045,1160-3-4882-01,대기오염및모델링실습,Null,,Null,전필,3,3,유경선,"화3,목4","영어50,PBL강의",,,
1046,1160-3-8496-01,환경법및정책,Null,,Null,전선,3,3,유경선,"화5,목6",영어50?,,,
1047,1160-4-1749-01,폐기물처리시설설계,Null,,Null,전선,3,3,김동수,"수5,6",영어50?,,,
1048,1160-4-1959-01,환경영향평가,Null,,Null,전선,3,3,황정배,"금5,6",영어50?,,,
1049,1160-4-3132-01,수처리시설설계,Null,,Null,전선,3,3,김충곤,"목1,2",영어50?,,,
1050,1160-4-3137-01,에너지공학,Null,,Null,전선,3,3,유경선,"화4,목3",영어50?,,,
1051,1160-4-8498-01,안전환경공학,Null,,Null,전선,3,3,이영수,"금3,4",세미나강의,,,
1052,1160-4-8499-01,상하수도공학,Null,,Null,전선,3,3,강윤민,"목5,6",영어50?,,,
1053,1170-1-3806-01,전공미리보기(OT학기제),A2,,Null,전선,1,1,이슬기,Null,학과별 운영방식에 따라 별도로 운 영함,,,
1054,1170-1-6503-01,건축공학개론,A2,,Null,전선,3,3,이슬기,"월4,수3",Null,,,
1055,1170-2-0086-01,건축환경1,Null,,Null,전선,3,3,김지혜,수3,원격수업50이상,,,
1056,1170-2-0276-01,구조역학1,Null,,Null,전필,3,4,양원직,"화1,2,3",Null,,,
1057,1170-2-3701-01,일반구조,Null,,Null,전필,3,3,김창덕,"월5,6",TBL강의,,,
1058,1170-2-4436-01,CAD&BIM,Null,,Null,전선,3,4,이슬기,"금4,5,6",Null,,,
1059,1170-2-4870-01,건축설계및도서작성1,Null,,Null,전선,3,6,김영진,"화5,6,7,8,9",Null,,,
1060,1170-2-4870-02,건축설계및도서작성1,Null,,Null,전선,3,6,김학수,"화5,6,7,8,9",Null,,,
1061,1170-2-4870-03,건축설계및도서작성1,Null,,Null,전선,3,6,양재석,"화5,6,7,8,9",Null,,,
1062,1170-3-2924-01,철근콘크리트구조1,Null,,Null,전선,3,3,양원직,"목5,6",Null,,,
1063,1170-3-2927-01,건설관리,Null,,Null,전필,3,3,유정호,화3,원격수업50이상,,,
1064,1170-3-3316-01,건축설비1,Null,,Null,전필,3,3,최창호,"월3,4",Null,,,
1065,1170-3-3544-01,건축재료,Null,,Null,전선,3,4,유정호,"화5,6,7",Null,,,
1066,1170-3-4437-01,건축IT,Null,,Null,전선,3,4,이슬기,"금1,2,3",Null,,,
1067,1170-3-5199-01,건축계획및법규1,Null,,Null,전선,3,3,김민경,"금4,5",Null,,,
1068,1170-3-5200-01,건축환경실험및실습,Null,,Null,전선,3,4,김지혜,"월5,6,7",TBL강의,,,
1069,1170-3-5694-01,경력개발과취업전략,타학과생(다전공생 포함) 수강불가,,Null,전선,2,2,유정호,"수6,7",Null,,,
1070,1170-4-4559-01,건축설비설계,Null,,Null,전선,3,3,최창호,"월1,2",PBL강의,,,
1071,1170-4-5501-01,프로젝트설계,Null,,Null,전선,3,3,유정호,"수4,5",PBL강의,,,
1072,1170-4-5503-01,건축공학캡스톤설계,Null,,Null,전선,3,3,김지혜,"화5,6",TBL강의,,,
1073,1270-1-3806-01,전공미리보기(OT학기제),A1,,Null,전선,1,1,이상희,Null,학과별 운영방식에 따라 별도로 운 영함,,,
1074,1270-1-3631-01,기초설계1,A1,,Null,전필,3,6,이상희,"수2,3,4,5","영어50,PBL강의",,,
1075,1270-1-3631-02,기초설계1,A1,,Null,전필,3,6,김진모,"수2,3,4,5","영어50,PBL강의",,,
1076,1270-1-3631-03,기초설계1,A1,,Null,전필,3,6,김진수,"수2,3,4,5","영어50,PBL강의",,,
1077,1270-1-4544-01,건축학개론,A1,,Null,전선,3,3,채철균,"화2,3",Null,,,
1078,1270-1-4545-01,디지털디자인,A1,,Null,전필,3,3,이상희,"목4,5",Null,,,
1079,1270-1-4546-01,공간과형태,A1,,Null,전필,3,3,이상희,"금3,4",PBL강의,,,
1080,1270-2-0068-01,건축설계1,Null,,Null,전필,6,10,김진모,"월3,4,5,6,
목3,4,5,6","영어50,PBL강의",,,
1081,1270-2-0068-02,건축설계1,Null,,Null,전필,6,10,신용기,"월3,4,5,6,
목3,4,5,6","영어50,PBL강의",,,
1082,1270-2-0068-03,건축설계1,Null,,Null,전필,6,10,장세환,"월3,4,5,6,
목3,4,5,6","영어50,PBL강의",,,
1083,1270-2-0812-01,서양건축사,Null,,Null,전필,3,3,조성용,"화4,5",Null,,,
1084,1270-2-1234-01,진로탐색및설계,타학과생(다전공생 포함) 수강불가,,Null,전선,1,2,박열,"월1,2",원격수업100?,,,
1085,1270-2-3718-01,디지털텍토닉,Null,,Null,전선,3,3,신해철,"금1,2",Null,,,
1086,1270-2-7700-01,시설계획론,Null,,Null,전필,3,3,서유진,"수3,4",Null,,,
1087,1270-3-0070-01,건축설계3,Null,,Null,전필,6,10,조성용,"월3,4,5,6,
목3,4,5,6","영어50,PBL강의",,,
1088,1270-3-0070-02,건축설계3,Null,,Null,전필,6,10,채철균,"월3,4,5,6,
목3,4,5,6","영어50,PBL강의",,,
1089,1270-3-0070-03,건축설계3,Null,,Null,전필,6,10,권웅규,"월3,4,5,6,
목3,4,5,6","영어50,PBL강의",,,
1090,1270-3-3544-01,건축재료,Null,,Null,전필,3,3,백영수,"수7,8,9",Null,,,
1091,1270-3-4063-01,구조시스템,Null,,Null,전필,3,3,양원직,"수2,3",Null,,,
1092,1270-3-4548-01,건축공간론,Null,,Null,전선,3,3,김진모,"화3,4",Null,,,
1093,1270-4-0397-01,단지계획,Null,,Null,전필,3,3,박열,"목5,6",Null,,,
1094,1270-4-2158-01,건축설계5,Null,,Null,전필,6,10,박열,"화3,4,5,6,
금3,4,5,6","영어50,PBL강의",,,
1095,1270-4-2158-02,건축설계5,Null,,Null,전필,6,10,윤종인,"화3,4,5,6,
금3,4,5,6","영어50,PBL강의",,,
1096,1270-4-2158-03,건축설계5,Null,,Null,전필,6,10,임상진,"화3,4,5,6,
금3,4,5,6","영어50,PBL강의",,,
1097,1270-4-2158-04,건축설계5,Null,,Null,전필,6,10,최재혁,"화3,4,5,6,
금3,4,5,6","영어50,PBL강의",,,
1098,1270-4-4031-01,건축환경,Null,,Null,전필,3,3,이용광,"수5,6",Null,,,
1099,1270-4-4549-01,건축디자인론,Null,,Null,전선,3,3,서유진,"월4,5",Null,,,
1100,1270-5-0443-01,동양건축사,Null,,Null,전선,3,3,우성훈,"수5,6",Null,,,
1101,1270-5-4065-01,도시설계론,Null,,Null,전선,3,3,박열,"금1,2",Null,,,
1102,1270-5-4867-01,건축설계7,Null,,Null,전필,6,10,서유진,"화3,4,5,6,
금3,4,5,6","영어50,PBL강의",,,
1103,1270-5-4867-02,건축설계7,Null,,Null,전필,6,10,김명재,"화3,4,5,6,
금3,4,5,6","영어50,PBL강의",,,
1104,1270-5-4867-03,건축설계7,Null,,Null,전필,6,10,김정구,"화3,4,5,6,
금3,4,5,6","영어50,PBL강의",,,
1124,6030-1-3806-01,전공미리보기(OT학기제),N1,,Null,전선,1,1,이진우,Null,학과별 운영방식에 따라 별도로 운 영함,,,
1125,6030-1-6721-01,수학적읽기와글쓰기,N1,,Null,전선,3,3,이진우,"월2,수1",영어70?,,,
1126,6030-2-0696-01,보험수학,Null,,Null,전선,3,3,이호석,"월6,수5",Null,,,
1127,6030-2-0779-01,상미분방정식론,Null,,Null,전선,3,3,이종우,"화6,목5",영어70?,,,
1128,6030-2-0820-01,선형대수학1,Null,,Null,전선,3,3,이현석,"월4,수3",Null,,,
1129,6030-2-1186-01,이산수학,Null,,Null,전선,3,3,김상목,"월1,수2",영어50?,,,
1130,6030-2-1234-01,진로탐색및설계,타학과생(다전공생 포함) 수강불가,,Null,전선,1,2,이진우,"수7,8",원격수업100?,,,
1131,6030-2-1506-01,정수론,Null,,Null,전선,3,3,김태균,"화5,목6",영어100?,,,
1132,6030-2-1821-01,해석학1,Null,,Null,전필,3,3,이흥수,"화2,목1",영어70?,,,
1133,6030-3-0878-01,수치해석2,Null,,Null,전선,3,3,이현근,"화3,목4",영어70?,,,
1134,6030-3-1120-01,위상수학1,Null,,Null,전선,3,3,최윤철,"월3,수4",Null,,,
1135,6030-3-1862-01,현대대수학1,Null,,Null,전필,3,3,김태균,"화2,목1",영어100?,,,
1136,6030-3-4264-01,복소해석학1,Null,,Null,전선,3,3,이흥수,"화4,목3",영어70?,,,
1137,6030-3-5694-01,경력개발과취업전략,타학과생(다전공생 포함) 수강불가,,Null,전선,2,2,이진우,"금6,7",Null,,,
1138,6030-3-8504-01,부호론과암호론,Null,,Null,전선,3,3,김상목,"월2,수1",영어50?,,,
1139,6030-3-9640-01,신경망딥러닝,Null,,Null,전선,3,3,이진우,"월1,수2",영어50?,,,
1140,6030-4-0854-01,수리통계학,Null,,Null,전선,3,3,이현근,"화4,목3",Null,,,
1141,6030-4-0948-01,실변수함수론,Null,,Null,전선,3,3,이흥수,"화6,목5",영어70?,,,
1142,6030-4-4883-01,수학적모델설계,Null,,Null,전선,3,3,이종우,"금3,4","영어50,TBL강의",,,
1143,6030-4-6544-01,금융수학개론,Null,,Null,전선,3,3,이호석,"월4,수3",영어70?,,,
1144,6050-1-3806-01,전공미리보기(OT학기제),"N4,N5",,Null,전선,1,1,장홍제,"월7,금4,5",학과별 운영방식에 따라 별도로 운 영함,,,
1145,6050-2-0721-01,분석화학1,Null,,Null,전필,3,3,김양래,"화3,목4",Null,,,
1146,6050-2-1135-01,유기화학1,Null,,Null,전선,3,3,이윤미,"월3,수4",Null,,,
1147,6050-2-1234-01,진로탐색및설계,타학과생(다전공생 포함) 수강불가,,Null,전선,1,2,장홍제,"수7,8",원격수업100?,,,
1148,6050-2-1936-01,화학열역학,Null,,Null,전선,3,3,신재호,"월4,수3",Null,,,
1150,6050-2-9645-01,유기반응디자인및실험1,Null,,Null,전필,3,5,이윤미,"월2,목0,1,2",Null,,,
1151,6050-2-9645-02,유기반응디자인및실험1,Null,,Null,전필,3,5,전흥배,"월2,화5,6,7",Null,,,
1152,6050-2-9645-03,유기반응디자인및실험1,Null,,Null,전필,3,5,손성윤,"월2,화0,1,2",Null,,,
1153,6050-3-0526-01,무기화학1,Null,,Null,전필,3,3,사영진,"월1,수2",Null,,,
1154,6050-3-0985-01,양자화학2,Null,,Null,전필,3,3,신재호,"월3,수4",Null,,,
1155,6050-3-2841-01,유기화학3,Null,,Null,전선,3,3,전흥배,"월4,수3",Null,,,
1156,6050-3-2842-01,신소재화학1,Null,,Null,전선,3,3,김인태,"화6,목5",Null,,,
1157,6050-3-7710-01,기기분석,Null,,Null,전선,3,3,김양래,"화4,목3",Null,,,
1158,6050-3-9647-01,화학분석이론및실험1,Null,,Null,전선,3,5,신재호,"월5,6,7,수8",Null,,,
1159,6050-3-9647-02,화학분석이론및실험1,Null,,Null,전선,3,5,김양래,"수5,6,7,8",Null,,,
1160,6050-4-2352-01,공업화학,Null,,Null,전선,3,3,김인태,"화3,목4",Null,,,
1161,6050-4-3724-01,고체화학개론,Null,,Null,전선,3,3,사영진,"화4,목3",PBL강의,,,
1162,6050-4-5694-01,경력개발과취업전략,타학과생(다전공생 포함) 수강불가,,Null,전선,2,2,장홍제,"금6,7",Null,,,
1163,6050-4-7376-01,유기합성,Null,,Null,전선,3,3,이윤미,"월6,수5",Null,,,
1164,6050-4-7377-01,유기금속화학,Null,,Null,전선,3,3,이윤미,"월5,수6",Null,,,
1165,6050-4-7709-01,물리화학특론,Null,,Null,전선,3,3,Null,"화6,목5",Null,,,
1166,6050-4-8065-01,나노화학,Null,,Null,전선,3,3,장홍제,"월2,수1",TBL강의,,,
1167,6050-4-9649-01,복합재료화학이론및실험1,Null,,Null,전선,3,5,김인태,"월8,금0,1,2",Null,,,
1168,6050-4-9649-02,복합재료화학이론및실험1,Null,,Null,전선,3,5,사영진,"월8,금3,4,5",Null,,,
1169,6100-1-3806-01,전공미리보기(OT학기제),"N2,N3",,Null,전선,1,1,박병주,"화2,3",학과별 운영방식에 따라 별도로 운 영함,,,
1170,6100-2-1234-01,진로탐색및설계,타학과생(다전공생 포함) 수강불가,,Null,전선,1,2,박병주,"금1,2",원격수업100?,,,
1171,6100-2-1458-01,전자학1,Null,,Null,전선,3,3,최은하,"화1,목2",영어50?,,,
1172,6100-2-1460-01,전자학실험1,Null,,Null,전선,2,4,최은하,"목7,8,9,10",영어50?,,,
1173,6100-2-4564-01,역학,Null,,Null,전필,3,3,권기청,"화3,목4",영어50?,,,
1174,6100-2-4565-01,물리수학1,Null,,Null,전선,3,3,서윤호,Null,"영어50,원격수업100?",,,
1175,6100-2-6156-01,전산물리,Null,,Null,전선,3,3,Null,"금3,4",영어50?,,,
1176,6100-2-7373-01,세포생물학,Null,,Null,전선,3,3,박봉주,"금5,6",영어50?,,,
1177,6100-2-9641-01,현대물리개론,Null,,Null,전선,3,3,조재원,"화6,목5",영어50?,,,
1178,6100-3-0635-01,반도체소자물리학1,Null,,Null,전선,3,3,조재원,"화4,목3",영어50?,,,
1179,6100-3-0974-01,양자역학,Null,,Null,전필,3,3,박병주,"화5,목6",영어50?,,,
1180,6100-3-1412-01,전자기학2,Null,,Null,전필,3,3,정란주,"월6,수5",영어50?,,,
1181,6100-3-2015-01,열물리학,Null,,Null,전선,3,3,김윤기,"월2,수1",영어50?,,,
1182,6100-3-6546-01,디지털회로설계및실험1,Null,,Null,전선,4,6,김윤기,"화6,7,8,9,목5",영어50?,,,
1183,6100-3-9643-01,생분자물리학,Null,,Null,전선,3,3,박경순,"월5,수6",영어50?,,,
1184,6100-4-0187-01,고체물리학,Null,,Null,전선,3,3,김윤기,"월4,수3",영어50?,,,
1185,6100-4-3282-01,플라즈마융합과학,Null,,Null,전선,3,3,나젠드라,"금1,2",영어100?,,,
1186,6100-4-4570-01,디스플레이반도체공정,Null,,Null,전선,3,3,권기청,"화4,목3",영어50?,,,
1187,6100-4-4571-01,반도체소자실험,Null,,Null,전선,2,4,박병주,"수7,8,9,10",영어50?,,,
1188,6100-4-6548-01,학부논문연구1,Null,,Null,전선,1,3,이건준,"금6,7,8",영어50?,,,
1189,6100-4-8506-01,현대광학,Null,,Null,전선,3,3,이건준,"금3,4",영어50?,,,
1190,6130-1-3806-01,전공미리보기(OT학기제),P1,,Null,전선,1,1,최철순,"금7,8,9",학과별 운영방식에 따라 별도로 운 영함,,,
1191,6130-1-4460-01,여가레크리에이션,Null,,Null,전선,3,3,이소윤,"월1,2",Null,,,
1192,6130-1-4460-02,여가레크리에이션,체육특기자만 수강가능,,Null,전선,3,3,이경훈,"월7,8,9",영어50?,,,
1193,6130-1-4461-01,오리엔티어링1,Null,,Null,전선,2,2,이옥진,"수3,4",Null,,,
1194,6130-2-1234-01,진로탐색및설계,타학과생(다전공생 포함) 수강불가,,Null,전선,1,2,최철순,"월10,11",원격수업100?,,,
1195,6130-2-3211-01,스포츠사회학,Null,,Null,전필,3,3,구송광,"수5,6",TBL강의,,,
1196,6130-2-3211-02,스포츠사회학,체육특기자만 수강가능,,Null,전필,3,3,이경훈,"수7,8,9","영어50,원격수업100,TBL강의",,,
1197,6130-2-3289-01,전공윈드서핑,Null,,Null,전선,3,3,최재희,"목1,2",Null,,,
1198,6130-2-3289-02,전공윈드서핑,체육특기자만 수강가능,,Null,전선,3,3,최철순,"목7,8,9",Null,,,
1199,6130-2-6157-01,스포츠및운동심리학,Null,,Null,전필,3,3,이옥진,"화1,2",영어50?,,,
1200,6130-2-6550-01,전공축구1,Null,,Null,전선,3,3,남용우,"금7,8,9",Null,,,
1201,6130-2-8508-01,운동기능해부학,Null,,Null,전선,3,3,이진,"수1,2",Null,,,
1202,6130-2-8514-01,라켓스포츠1,Null,,Null,전선,3,3,최철순,"목5,6",일본어50?,,,
1203,6130-2-8514-02,라켓스포츠1,체육특기자만 수강가능,,Null,전선,3,3,최철순,"화7,8,9",일본어50?,,,
1204,6130-2-9653-01,스포츠빅데이터분석,Null,,Null,전선,3,3,양혜주,"화3,4",Null,,,
1205,6130-3-3210-01,체육측정평가,Null,,Null,전선,3,3,한지영,"목3,4",Null,,,
1206,6130-3-4464-01,스포츠융합과학캡스톤설계,Null,,Null,전선,3,3,이옥진,"화5,6",PBL강의,,,
1207,6130-3-5203-01,전공골프1,Null,,Null,전선,3,3,김재형,"월3,4",Null,,,
1208,6130-3-5203-02,전공골프1,체육특기자만 수강가능,,Null,전선,3,3,이경훈,"월10,11,12",Null,,,
1209,6130-3-5491-01,스포츠경영학,Null,,Null,전선,3,3,이민섭,"금3,4",Null,,,
1210,6130-3-5497-01,스포츠영양학,Null,,Null,전선,3,3,박석,"화3,4",Null,,,
1211,6130-3-6159-01,해양스포츠,Null,,Null,전선,3,3,구송광,"수3,4",Null,,,
1212,6130-3-6159-02,해양스포츠,체육특기자만 수강가능,,Null,전선,3,3,이경훈,"목7,8,9",Null,,,
1213,6130-4-4072-01,스포츠컨디셔닝,Null,,Null,전선,3,3,노기웅,"월5,6",Null,,,
1214,6130-4-5694-01,경력개발과취업전략,타학과생(다전공생 포함) 수강불가,,Null,전선,2,2,이경훈,"금6,7",Null,,,
1215,6130-4-5916-01,현장실습1,Null,,Null,전선,3,3,최석환,"목3,4",Null,,,
1216,6130-4-5916-02,현장실습1,체육특기자만 수강가능,,Null,전선,3,3,이경훈,"수10,11,12",Null,,,
1217,6130-4-9656-01,병태생리학,Null,,Null,전선,3,3,김희재,"화1,2",Null,,,
1218,6120-2-7384-01,디자인의이해,Null,,Null,전필,3,3,Null,"토1,2",Null,,,
1219,6120-2-7385-01,인터페이스개론,Null,,Null,전선,3,3,조수영,Null,원격수업100?,,,
1220,6120-2-7713-01,암호학개론,Null,,Null,전선,3,3,김효석,"토3,4",Null,,,
1221,6120-2-8515-01,지식정보콘텐츠,Null,,Null,전선,3,3,심선애,"토5,6",Null,,,
1222,6120-3-3195-01,전자상거래보안,Null,,Null,전선,3,3,이장원,"토5,6",Null,,,
1223,6120-3-4588-01,디지털스토리텔링,Null,,Null,전선,3,3,정형원,Null,원격수업100?,,,
1224,6120-3-4858-01,가상현실,Null,,Null,전선,3,3,조수영,"토1,2",Null,,,
1225,6120-3-7714-01,콘텐츠기획개론,Null,,Null,전필,3,3,정형원,"화9,10,11",Null,,,
1226,6120-3-9184-01,디지털이미지처리,Null,,Null,전선,3,3,손광철,"토3,4",Null,,,
1227,6120-4-3198-01,사이버포렌식실습,Null,,Null,전선,3,4,변정수,"수8,토3,4",Null,,,
1228,6120-4-7083-01,컴퓨터그래픽스2,Null,,Null,전선,3,3,Null,"토1,2",Null,,,
1229,6120-4-7777-01,객체지향프로그래밍,Null,,Null,전선,3,3,조수영,"수9,10,11",Null,,,
1230,6120-4-7897-01,실무프로젝트1,Null,,Null,전선,3,3,손광철,"토5,6",Null,,,
1231,6120-4-8517-01,콘텐츠산업마케팅,Null,,Null,전선,3,3,정형원,Null,원격수업100?,,,
1247,3040-1-3806-01,전공미리보기(OT학기제),R1,,Null,전선,1,1,김소영,"금5,6,7",학과별 운영방식에 따라 별도로 운 영함,,,
1248,3040-1-0562-01,문학의이해,R1,,Null,전선,3,3,고명철,"월2,수1",Null,,,
1249,3040-1-4075-01,기초한문1,R1,,Null,전선,3,3,강혜진,수3,원격수업100?,,,
1250,3040-1-9704-01,한국고전문학전공기초,외국인만 수강가능,,Null,전필,3,3,Null,"화4,목3",외국인전용,,,
1251,3040-1-9706-01,한국어학의기초,외국인만 수강가능,,Null,전필,3,3,김소영,"화3,목4",외국인전용,,,
1252,3040-2-0175-01,고전문학의이해,Null,,Null,전선,3,3,강혜진,"화3,목4",Null,,,
1253,3040-2-1234-01,진로탐색및설계,타학과생(다전공생 포함) 수강불가,,Null,전선,1,2,김소영,"금1,2",원격수업100?,,,
1254,3040-2-1867-01,현대문학사,Null,,Null,전필,3,3,고명철,"화6,목5",Null,,,
1255,3040-2-1867-02,현대문학사,외국인만 수강가능,,Null,전필,3,3,채상우,"금5,6",외국인전용,,,
1256,3040-2-2786-01,국어학의이해,Null,,Null,전필,3,3,김소영,"화4,목3",Null,,,
1257,3040-2-2786-02,국어학의이해,외국인만 수강가능,,Null,전필,3,3,소열녕,"월2,수1",외국인전용,,,
1258,3040-2-5506-01,비평의이론과실제,Null,,Null,전선,3,3,고명철,"화5,목6",TBL강의,,,
1259,3040-2-5508-01,우리옛노래의정취,Null,,Null,전선,3,3,Null,"월4,수3",Null,,,
1260,3040-3-0179-01,고전소설론,Null,,Null,전선,3,3,강혜진,수1,원격수업100?,,,
1261,3040-3-0181-01,고전시가론,Null,,Null,전선,3,3,Null,"월3,수4",Null,,,
1262,3040-3-1882-01,현대소설론,Null,,Null,전선,3,3,김대현,"금5,6",Null,,,
1263,3040-3-2780-01,국어문법의이해,Null,,Null,전선,3,3,박성현,"월5,수6",Null,,,
1264,3040-3-8294-01,출판종합설계및미디어현장실습,Null,,Null,전선,3,3,채상우,"금3,4",Null,,,
1265,3040-4-4904-01,국어콘텐츠세미나,Null,,Null,전선,3,3,김소영,"금3,4",세미나강의,,,
1266,3040-4-5064-01,[S-L]국어와언어교육,Null,,Null,전선,4,4,박성현,"월6,수5","TBL강의, 서비스러닝 교과목",,,
1267,3040-4-5513-01,문예창작연습,Null,,Null,전선,3,3,정우신,"금5,6",TBL강의,,,
1268,3220-1-3806-01,전공미리보기(OT학기제),R2,,Null,전선,1,1,임효정,"금3,4",학과별 운영방식에 따라 별도로 운 영함,,,
1269,3220-2-1030-01,영문법,Null,,Null,전필,3,3,이일재,"월4,수3",영어50?,,,
1270,3220-2-1234-01,진로탐색및설계,타학과생(다전공생 포함) 수강불가,,Null,전선,1,2,임효정,"금5,6",원격수업100?,,,
1271,3220-2-2795-01,영문학개론,Null,,Null,전필,3,3,김홍기,"화4,목3",영어50?,,,
1272,3220-2-5236-01,영어학입문,Null,,Null,전필,3,3,김선웅,"월5,수6",영어50?,,,
1273,3220-2-6921-01,미국문학과대중문화,Null,,Null,전선,3,3,김홍기,"화6,목5",영어50?,,,
1274,3220-2-8520-01,음성학과발음지도,Null,,Null,전선,3,3,손가연,"화2,목1",영어50?,,,
1275,3220-3-8524-01,번역실습,Null,,Null,전선,3,3,이일재,"월6,수5",영어50?,,,
1276,3220-3-9195-01,영어교육프로그램개발,Null,,Null,전선,3,3,임효정,"화5,목6",영어50?,,,
1277,3220-3-9196-01,디지털에디팅,Null,,Null,전선,3,3,손가연,"화3,목4",영어50?,,,
1278,3220-3-9716-01,문장구조분석,Null,,Null,전선,3,3,김선웅,"월3,수4","영어50,TBL강의",,,
1279,3220-4-9658-01,셰익스피어산업,Null,,Null,전선,3,3,신승한,"화3,목4",영어50?,,,
1280,3220-4-9659-01,영어교육과사회봉사,Null,,Null,전선,3,3,임효정,"화6,목5",영어50?,,,
1281,3220-4-9718-01,영어산업캡스톤프로젝트,Null,,Null,전선,3,3,임효정,"금1,2",영어50?,,,
1282,3220-4-9733-01,영문학과스토리텔링,Null,,Null,전선,3,3,신승한,"화1,목2",영어50?,,,
1283,3110-1-3806-01,전공미리보기(OT학기제),R3,,Null,전선,1,1,이상희,Null,학과별 운영방식에 따라 별도로 운 영함,,,
1284,3110-2-0956-01,심리통계학,Null,,Null,전필,3,3,임혜빈,화2,원격수업50이상,,,
1285,3110-2-1234-01,진로탐색및설계,타학과생(다전공생 포함) 수강불가,,Null,전선,1,2,이상희,Null,원격수업100?,,,
1286,3110-2-1781-01,학습심리학,Null,,Null,전선,3,3,이국희,"금5,6",Null,,,
1287,3110-2-3245-01,인사심리학,Null,,Null,전필,3,3,유태용,"월3,수4",Null,,,
1288,3110-2-4145-01,발달심리학,Null,,Null,전선,3,3,이상희,"화4,목3",Null,,,
1289,3110-3-1577-01,직무분석,Null,,Null,전선,3,3,유태용,"월5,수6",TBL강의,,,
1290,3110-3-3742-01,소비자인사이트와설득,Null,,Null,전선,3,3,이병관,월6,"원격수업50이상,세미나강의",,,
1291,3110-3-5694-01,경력개발과취업전략,타학과생(다전공생 포함) 수강불가,,Null,전선,2,2,이상희,"목6,7",Null,,,
1292,3110-3-6924-01,코칭심리,Null,,Null,전선,3,3,하규영,"월4,수3",Null,,,
1293,3110-3-8066-01,소비자의사결정심리학,Null,,Null,전선,3,3,임혜빈,"금1,2",Null,,,
1294,3110-4-0233-01,광고심리학,Null,,Null,전선,3,3,이병관,월4,원격수업50이상,,,
1295,3110-4-3246-01,인사평가와성과관리,Null,,Null,전선,3,3,한태영,"화6,목5",Null,,,
1296,3110-4-4230-01,성격심리,Null,,Null,전선,3,3,Null,"금1,2",Null,,,
1297,3110-4-4235-01,진로상담,Null,,Null,전선,3,3,Null,"수5,6",Null,,,
1298,3110-4-4616-01,이상심리,Null,,Null,전선,3,3,이상희,"화3,목4",Null,,,
1299,3110-4-8068-01,캡스톤설계조직심리세미나,Null,,Null,전선,3,3,한태영,"화4,5",Null,,,
1300,3230-1-3806-01,전공미리보기(OT학기제),"M1,M2",,Null,전선,1,1,김상연,Null,학과별 운영방식에 따라 별도로 운 영함,,,
1301,3230-1-3965-01,"미디어,콘텐츠산업의혁신과미래",외국인만 수강가능,,Null,전선,3,3,정동훈,월2,"원격수업100,외국인전용",,,
1302,3230-1-9165-01,비주얼커뮤니케이션디자인,"M1,M2",,Null,전선,3,4,오문석,"화5,6,7",Null,,,
1303,3230-1-9165-02,비주얼커뮤니케이션디자인,"M1,M2",,Null,전선,3,4,오문석,"목0,1,2",Null,,,
1304,3230-1-9165-03,비주얼커뮤니케이션디자인,"M1,M2",,Null,전선,3,4,오문석,"목5,6,7",Null,,,
1305,3230-1-9603-01,미디어커뮤니케이션의이해,"M1,M2",,Null,전필,3,3,문상현,"월4,수3",Null,,,
1306,3230-1-9603-02,미디어커뮤니케이션의이해,"M1,M2",,Null,전필,3,3,문상현,"월6,수5",Null,,,
1307,3230-1-9603-03,미디어커뮤니케이션의이해,외국인만 수강가능,,Null,전필,3,3,오창학,"월6,수5",외국인전용,,,
1308,3230-2-3247-01,커뮤니케이션과혁신,Null,,Null,전선,3,4,황동욱,"화5,6,7",Null,,,
1309,3230-2-3247-02,커뮤니케이션과혁신,Null,,Null,전선,3,4,황동욱,"수5,6,7",Null,,,
1310,3230-2-3746-01,글로벌디지털트랜스포메이션,외국인만 수강가능,,Null,전선,3,3,정동훈,월1,"원격수업100,외국인전용",,,
1311,3230-2-4439-01,광고심리,Null,,Null,전선,3,3,Null,"화1,목2",Null,,,
1312,3230-2-4440-01,광고PR평가전략,Null,,Null,전선,3,3,Null,"화2,목1",Null,,,
1313,3230-2-4495-01,OTT미디어와데이터사이언스,Null,,Null,전선,3,4,김상연,"수0,1,2",Null,,,
1314,3230-2-4500-01,전략커뮤니케이션트렌드,Null,,Null,전선,3,3,이종혁,"월1,수2",세미나강의,,,
1315,3230-2-4962-01,한국미디어사회문화사,외국인만 수강가능,,Null,전선,3,3,오창학,"월3,수4",외국인전용,,,
1316,3230-2-4998-01,Gen-AI기반디지털마케팅크리에이티브,Null,,Null,전선,3,4,정동훈,"월5,6,7",Null,,,
1317,3230-2-7702-01,컴퓨터그래픽디자인,Null,,Null,전선,3,4,이보용,"목5,6,7",Null,,,
1318,3230-2-7702-02,컴퓨터그래픽디자인,Null,,Null,전선,3,4,이보용,"금4,5,6",Null,,,
1319,3230-2-8541-01,빅데이터와커뮤니케이션,Null,,Null,전선,3,3,임소영,"화4,목3",Null,,,
1320,3230-2-8541-02,빅데이터와커뮤니케이션,외국인만 수강가능,,Null,전선,3,3,임소영,"화2,목1",외국인전용,,,
1321,3230-2-9667-01,대중영화의이해,Null,,Null,전선,3,3,레이몬드,목4,"영어100,원격수업50이상",,,
1322,3230-2-9670-01,디지털영상촬영및편집,Null,,Null,전선,3,4,원종욱,"월3,4,5",Null,,,
1323,3230-2-9670-02,디지털영상촬영및편집,Null,,Null,전선,3,4,원종욱,"월6,7,8,9",Null,,,
1324,3230-2-9694-01,미래시나리오전략기획,Null,,Null,전선,3,3,부경희,"월6,수5",Null,,,
1325,3230-3-3749-01,엔터테인먼트크리에이티비티,Null,,Null,전선,3,3,김예란,"월4,수3",PBL강의,,,
1326,3230-3-3793-01,미디어엔터테인먼트콘텐츠다시보기,Null,,Null,전선,3,3,임소영,화5,"원격수업100,PBL강의",,,
1327,3230-3-4256-01,미디어문화론,Null,,Null,전선,3,3,김예란,"월3,수4",Null,,,
1328,3230-3-4470-01,동아시아미디어론,외국인만 수강가능,,Null,전선,3,3,오창학,"월4,수3",외국인전용,,,
1329,3230-3-4497-01,캠페인인문학,Null,,Null,전선,3,3,이종혁,"월2,수1",TBL강의,,,
1330,3230-3-9664-01,UX/UI기획및제작,Null,,Null,전선,3,4,한규훈,"금2,3,4",Null,,,
1331,3230-3-9676-01,소셜마케팅,Null,,Null,전선,3,3,부경희,"월3,수4",Null,,,
1332,3230-3-9690-01,뉴스비판과제작연습,Null,,Null,전선,3,3,정일권,"금3,4",Null,,,
1333,3230-3-9693-01,미디어리터러시,Null,,Null,전선,3,3,정일권,"월1,수2",Null,,,
1334,3230-4-4499-01,전략커뮤니케이션세미나,Null,,Null,전선,3,3,김홍중,"금5,6","TBL강의,세미나강의",,,
1335,3230-4-4983-01,엔터테인먼트기획실습,Null,,Null,전선,3,4,문상현,"화5,6,7",Null,,,
1336,3230-4-9692-01,디지털미디어와여론,Null,,Null,전선,3,3,정일권,"월2,수1",Null,,,
1337,3210-1-3806-01,전공미리보기(OT학기제),"R4,R5",,Null,전선,1,1,정소영,"월7,8,9",학과별 운영방식에 따라 별도로 운 영함,,,
1338,3210-1-9214-01,일본어기초1,"R4,R5",,Null,전필,3,3,최정아,"월4,수3",일본어50?,,,
1339,3210-1-9214-02,일본어기초1,"R4,R5",,Null,전필,3,3,최정아,"월3,수4",일본어50?,,,
1340,3210-1-9215-01,중국어기초1,"R4,R5",,Null,전필,3,3,정소영,"월4,수3",중국어50?,,,
1341,3210-1-9215-02,중국어기초1,"R4,R5",,Null,전필,3,3,김원희,"월4,수3",중국어50?,,,
1342,3210-1-9697-01,동북아문화산업과진로,"R4,R5",,Null,전선,3,3,김희교,"화1,목2",Null,,,
1343,3210-1-9698-01,한자와동양사회문화,"R4,R5",,Null,전선,3,3,정소영,"월2,수1",Null,,,
1344,3210-2-4083-01,아시아문화와문화콘텐츠기획연습,Null,,Null,전선,3,3,김희교,"화2,목1",TBL강의,,,
1345,3210-2-4987-01,문화마케팅,Null,,Null,전선,3,3,박순,"수5,6",Null,,,
1346,3210-2-5551-01,중급일본어연습,Null,,Null,전선,3,3,최정아,"월5,수6",일본어50?,,,
1347,3210-2-5551-02,중급일본어연습,Null,,Null,전선,3,3,성호현,"화5,6",일본어50?,,,
1348,3210-2-5584-01,중국영상문화와공연,Null,,Null,전선,3,3,전보옥,"월1,수2",Null,,,
1349,3210-2-6186-01,미디어콘텐츠기초실습,Null,,Null,전선,3,4,원종욱,"월0,1,2",Null,,,
1350,3210-2-9219-01,중국어연습,Null,,Null,전선,3,3,왕베이베이,"수1,2",중국어50?,,,
1351,3210-2-9700-01,문화산업개론,Null,,Null,전선,3,3,조영복,"화4,목3",Null,,,
1352,3210-3-5615-01,탈근대의일본현대소설,Null,,Null,전선,3,3,최정아,"금3,4",세미나강의,,,
1353,3210-3-5618-01,스토리텔링과매체변용,Null,,Null,전선,3,3,이종승,"화5,6",Null,,,
1354,3210-3-5623-01,중국서사와문화원형,Null,,Null,전선,3,3,전보옥,"월3,수4",Null,,,
1355,3210-3-6190-01,광고콘텐츠제작실습,Null,,Null,전선,3,4,김문석,"월5,6,7",Null,,,
1356,3210-3-6191-01,일본서사와문화원형,Null,,Null,전선,3,3,강태웅,"화4,목3",Null,,,
1357,3210-3-8575-01,아동문화콘텐츠와문화산업,Null,,Null,전선,3,3,Null,"금1,2",Null,,,
1358,3210-4-6193-01,한일문화비교론,Null,,Null,전선,3,3,강태웅,"화3,목4",Null,,,
1359,3210-4-6195-01,영미문화콘텐츠와문화산업,Null,,Null,전선,3,3,Null,"금1,2",Null,,,
1360,3210-4-6197-01,일본서브컬처론,Null,,Null,전선,3,3,강태웅,"화6,목5",Null,,,
1361,3210-4-6563-01,문화비평연습,Null,,Null,전선,3,3,강성률,"금5,6",Null,,,
1374,F000-2-3771-01,한국법입문,외국인만 수강가능,,Null,전선,3,3,손상식 권지현 이준희,"토8,9,10","원격수업100,팀티칭강의,외국인전 용",,,
1375,F020-1-3806-01,전공미리보기(OT학기제),"S1,S2",,Null,전선,1,1,박시진,Null,학과별 운영방식에 따라 별도로 운 영함,,,
1376,F020-1-1848-01,행정학개론,"S1,S2",,Null,전필,3,3,박시진,"월4,수3",Null,,,
1377,F020-1-8104-01,현대사회문제론,"S1,S2",,Null,전선,3,3,정진경,"월2,수1",TBL강의,,,
1378,F020-2-1508-01,정책학,Null,,Null,전필,3,3,이혜영,"화5,목6",Null,,,
1379,F020-2-1539-01,조직론,Null,,Null,전필,3,3,박시진,"월3,수4",Null,,,
1380,F020-2-3757-01,지방정부론,Null,,Null,전선,3,3,정진경,"월4,수3",Null,,,
1381,F020-2-8108-01,관료제와민주주의,Null,,Null,전선,3,3,한종희,"금5,6",Null,,,
1382,F020-2-9726-01,디지털시대의행정,Null,,Null,전선,3,3,서승현,"금3,4",Null,,,
1383,F020-3-3380-01,정책분석평가론,Null,,Null,전선,3,3,김주찬,"월5,6",Null,,,
1384,F020-3-4947-01,규제정책론,Null,,Null,전선,3,3,이혜영,"화3,목4",Null,,,
1385,F020-3-4985-01,빅데이터분석론,Null,,Null,전선,3,3,Null,"월1,수2",Null,,,
1386,F020-4-5879-01,공공기관론,Null,,Null,전선,3,3,김주찬,"수5,6",Null,,,
1387,F020-4-6923-01,행정개혁론,Null,,Null,전선,3,3,한종희,"화4,목3",Null,,,
1388,F030-1-3806-01,전공미리보기(OT학기제),L1~L3,,Null,전선,1,1,서의경,"목7,8,9",학과별 운영방식에 따라 별도로 운 영함,,,
1389,F030-1-0619-01,민법총칙1,L1~L3,,Null,전선,3,3,이춘원,"월1,수2",Null,,,
1390,F030-1-0619-02,민법총칙1,L1~L3,,Null,전선,3,3,성준호,"금1,2",Null,,,
1391,F030-1-0619-03,민법총칙1,L1~L3,,Null,전선,3,3,윤형석,"월2,수1",Null,,,
1392,F030-1-1856-01,헌법1,L1~L3,,Null,전선,3,3,김진곤,"월3,수4",Null,,,
1393,F030-1-1856-02,헌법1,L1~L3,,Null,전선,3,3,손상식,"월5,수6",Null,,,
1394,F030-1-1856-03,헌법1,L1~L3,,Null,전선,3,3,손상식,"월6,수5",Null,,,
1395,F030-2-0315-01,국제법1,Null,,Null,전선,3,3,유선봉,"금3,4",Null,,,
1396,F030-2-1590-01,채권총론,Null,,Null,전필,3,3,이춘원,"월2,수1",Null,,,
1397,F030-2-1590-02,채권총론,Null,,Null,전필,3,3,윤형석,"화5,목6",Null,,,
1398,F030-2-1590-03,채권총론,Null,,Null,전필,3,3,윤형석,"화6,목5",Null,,,
1399,F030-2-1840-01,행정법총론,Null,,Null,전선,3,3,정영철,"월3,수4",Null,,,
1400,F030-2-1840-02,행정법총론,Null,,Null,전선,3,3,정영철,"월4,수3",Null,,,
1401,F030-2-4220-01,형법총론2,Null,,Null,전선,3,3,한재경,"화1,목2",Null,,,
1402,F030-2-4220-02,형법총론2,Null,,Null,전선,3,3,한재경,"화2,목1",Null,,,
1403,F030-2-4220-03,형법총론2,Null,,Null,전선,3,3,한재경,"월3,수4",Null,,,
1404,F030-2-4981-01,개별적근로관계법,Null,,Null,전필,3,3,이준희,"월1,수2",Null,,,
1405,F030-2-4981-02,개별적근로관계법,Null,,Null,전필,3,3,이준희,"월4,수3",Null,,,
1406,F030-2-5538-01,상법총론,Null,,Null,전선,3,3,서의경,"화1,목2",Null,,,
1407,F030-2-5538-02,상법총론,Null,,Null,전선,3,3,서의경,"화2,목1",Null,,,
1408,F030-2-5560-01,과학기술법제론,Null,,Null,전선,3,3,정원준,"금1,2",Null,,,
1409,F030-2-5561-01,지적재산법,Null,,Null,전선,3,3,권지현,"화3,목4",Null,,,
1410,F030-2-5561-02,지적재산법,Null,,Null,전선,3,3,권지현,"화4,목3",Null,,,
1411,F030-2-7697-01,기본권론,Null,,Null,전선,3,3,김진곤,"월5,수6",Null,,,
1412,F030-2-7697-02,기본권론,Null,,Null,전선,3,3,김진곤,"월6,수5",Null,,,
1413,F030-2-7697-03,기본권론,Null,,Null,전선,3,3,손상식,목5,원격수업50이상,,,
1414,F030-3-0564-01,물권법,Null,,Null,전선,3,3,오소정,"금3,4",Null,,,
1415,F030-3-0622-01,민사소송법,Null,,Null,전필,3,3,신만중,"월2,3",Null,,,
1416,F030-3-0622-02,민사소송법,Null,,Null,전필,3,3,채수영,"금7,8,9",Null,,,
1417,F030-3-0999-01,어음수표법,Null,,Null,전선,3,3,서의경,"월4,수3",Null,,,
1418,F030-3-0999-02,어음수표법,Null,,Null,전선,3,3,서의경,"화4,목3",Null,,,
1419,F030-3-1897-01,형사소송법,Null,,Null,전선,3,3,한재경,"월1,수2",Null,,,
1420,F030-3-1897-02,형사소송법,Null,,Null,전선,3,3,한재경,"월7,8,9",PBL강의,,,
1421,F030-3-3873-01,상표법,Null,,Null,전선,3,3,권지현,"화7,8,9",Null,,,
1422,F030-3-4221-01,민사집행법,Null,,Null,전선,3,3,채수영,"금5,6",Null,,,
1423,F030-3-5564-01,정보통신법개론,Null,,Null,전선,3,3,윤상필,"수7,8,9",Null,,,
1424,F030-3-5694-01,경력개발과취업전략,타학과생(다전공생 포함) 수강불가,,Null,전선,2,2,이준희,"목6,7",Null,,,
1425,F030-3-8544-01,부동산공법,Null,,Null,전선,3,3,정영철,"월5,수6",Null,,,
1426,F030-3-8908-01,사회보장법,Null,,Null,전선,3,3,이준희,"월6,수5",Null,,,
1427,F030-4-0121-01,경제법,Null,,Null,전선,3,3,조현진,수4,원격수업50이상,,,
1428,F030-4-1898-01,형사소송실무,Null,,Null,전선,3,3,이두희,"금1,2",Null,,,
1429,F030-4-3759-01,디지털법률행위론,Null,,Null,전선,3,3,권은정,"금5,6",Null,,,
1430,F030-4-5541-01,형사법판례세미나,Null,,Null,전선,3,3,한재경,"월2,수1",TBL강의,,,
1431,F030-4-5570-01,특허심판과소송실무,Null,,Null,전선,3,3,함영욱,"목7,8,9",Null,,,
1432,F030-4-9226-01,행정법판례세미나,Null,,Null,전선,3,3,정영철,"수7,8,9",세미나강의,,,
1433,F050-2-0564-01,물권법,Null,,Null,전선,3,3,최명순,"토3,4",Null,,,
1434,F050-2-4447-01,기업법실무,Null,,Null,전선,3,3,김신영,"수10,11,12",원격수업50이상,,,
1435,F050-2-6947-01,부동산학개론,Null,,Null,전선,3,3,Null,"토1,2",원격수업50이상,,,
1436,F050-2-8543-01,자산범죄론,Null,,Null,전선,3,3,한재경,"수7,8,9",Null,,,
1437,F050-3-7396-01,부동산등기법,Null,,Null,전선,3,3,이민,"수10,11,12",원격수업50이상,,,
1438,F050-3-8546-01,자산과세무,Null,,Null,전필,3,3,길용원,"토5,6",Null,,,
1439,F050-3-8550-01,금융법제론,Null,,Null,전필,3,3,서의경,"수7,8,9",Null,,,
1440,F050-3-9238-01,공동주택법제론,Null,,Null,전선,3,3,이영미,"토3,4",Null,,,
1441,F050-4-4097-01,소비자보호법,Null,,Null,전선,3,3,Null,"수7,8,9",원격수업50이상,,,
1442,F050-4-8542-01,자산과회계,Null,,Null,전선,3,3,윤명옥,"토1,2",PBL강의,,,
1443,F050-4-8548-01,재개발과재건축론,Null,,Null,전선,3,3,여지윤,"토5,6",원격수업50이상,,,
1444,F050-4-9237-01,재무관리론,Null,,Null,전선,3,3,윤명옥,"토3,4",Null,,,
1445,F040-1-3806-01,전공미리보기(OT학기제),S3,,Null,전선,1,1,윤이숙,Null,학과별 운영방식에 따라 별도로 운 영함,,,
1446,F040-1-7438-01,동아시아역사1,S3,,Null,전필,3,3,김광열,"월7,수6",원격수업100?,,,
1447,F040-2-1234-01,진로탐색및설계,타학과생(다전공생 포함) 수강불가,,Null,전선,1,2,전진호,"수1,2",원격수업100?,,,
1448,F040-2-2028-01,중국학개론,Null,,Null,전선,3,3,문경연,"화3,목4",Null,,,
1449,F040-2-4445-01,일본학개론,Null,,Null,전선,3,3,정미애,"수1,2",Null,,,
1450,F040-2-6939-01,외교정책론,Null,,Null,전선,3,3,윤이숙,"월3,수4",Null,,,
1451,F040-2-7401-01,전공진로탐색,Null,,Null,전필,3,3,전진호,"목1,2",Null,,,
1452,F040-2-9228-01,중국경제개론,Null,,Null,전선,3,3,션지아,"월4,수3",Null,,,
1453,F040-3-3258-01,일본산업경제론,Null,,Null,전선,3,3,Null,"금5,6",Null,,,
1454,F040-3-4446-01,중국사회문화연구,Null,,Null,전선,3,3,문경연,"화4,목3",Null,,,
1455,F040-3-5639-01,일본정치외교론,Null,,Null,전선,3,3,전진호,"수6,7,8",Null,,,
1456,F040-3-8099-01,동아시아환경과에너지정책,Null,,Null,전선,3,3,윤이숙,월4,원격수업50이상,,,
1457,F040-4-6202-01,중미관계론,Null,,Null,전선,3,3,신상진,"금1,2",Null,,,
1458,F040-4-8578-01,"Capstone Design Seminar :
국제관계",Null,,Null,전선,3,3,윤이숙,"월6,수5","영어100,세미나강의",,,
1459,F040-4-8579-01,"Capstone Design Seminar :
중국",Null,,Null,전선,3,3,션지아,"월6,수5",Null,,,
1460,F040-4-9229-01,지구화와동아시아사회,Null,,Null,전선,3,3,문경연,"화6,목5",Null,,,
1461,F040-4-9233-01,일본연구세미나,Null,,Null,전선,3,3,전진호,"목6,7,8",TBL강의,,,
1477,5080-1-3806-01,전공미리보기(OT학기제),B1~B4,,Null,전선,1,1,박준형,"금5,6",학과별 운영방식에 따라 별도로 운 영함,,,
1478,5080-1-1970-01,회계원리,2~4학년 수강분반,,Null,전필,3,3,김도형,"월1,수2",Null,,,
1479,5080-1-1970-02,회계원리,2~4학년 수강분반,,Null,전필,3,3,김도형,"월2,수1",Null,,,
1480,5080-1-1970-03,회계원리,1학년 수강분반 (B1~B4),,Null,전필,3,3,박애영,"화2,목1",Null,,,
1481,5080-1-8553-01,경영학의이해,B1~B4,,Null,전선,3,3,이홍,"화3,목4",Null,,,
1482,5080-1-8553-02,경영학의이해,B1~B4,,Null,전선,3,3,이홍,"화4,목3",Null,,,
1483,5080-1-9751-01,비즈니스매니지먼트,외국인만 수강가능,,Null,전선,3,3,박설연,"월3,수4",외국인전용,,,
1484,5080-1-9752-01,비즈니스오피스,외국인만 수강가능,,Null,전선,3,3,이석준,"토1,2","원격수업100,외국인전용",,,
1485,5080-2-0092-01,경영과학,Null,,Null,전선,3,3,김지현,"월3,수4",Null,,,
1486,5080-2-0092-02,경영과학,Null,,Null,전선,3,3,김지현,"월5,수6",Null,,,
1487,5080-2-0508-01,마케팅,Null,,Null,전필,3,3,조은성,"월5,수6",Null,,,
1488,5080-2-0508-02,마케팅,Null,,Null,전필,3,3,조은성,"월6,수5",Null,,,
1489,5080-2-0508-03,마케팅,Null,,Null,전필,3,3,이인남,"화1,목2",Null,,,
1490,5080-2-1112-01,원가회계,Null,,Null,전선,3,3,박애영,"화3,목4",Null,,,
1491,5080-2-1112-02,원가회계,Null,,Null,전선,3,3,박애영,"화4,목3",Null,,,
1492,5080-2-1277-01,재무관리,Null,,Null,전필,3,3,이효정,"화4,목3",Null,,,
1493,5080-2-1277-02,재무관리,Null,,Null,전필,3,3,이효정,"금1,2",원격수업50이상,,,
1494,5080-2-1277-03,재무관리,Null,,Null,전필,3,3,Null,"월3,수4",Null,,,
1495,5080-2-1277-04,재무관리,외국인만 수강가능,,Null,전필,3,3,한재현,"월4,수3",외국인전용,,,
1496,5080-2-4900-01,생산운영관리,Null,,Null,전필,3,3,정석재,"월4,수3",Null,,,
1497,5080-2-4900-02,생산운영관리,Null,,Null,전필,3,3,Null,"화3,목4",Null,,,
1498,5080-2-4900-03,생산운영관리,Null,,Null,전필,3,3,이지웅,"금1,2",Null,,,
1499,5080-2-4900-04,생산운영관리,외국인만 수강가능,,Null,전필,3,3,Null,"화2,목1",외국인전용,,,
1502,5080-2-5214-01,경영통계분석,Null,,Null,전선,3,3,Null,"화4,목3",Null,,,
1503,5080-2-8554-01,조직행동,Null,,Null,전필,3,3,김정식,"월3,수4",Null,,,
1504,5080-2-8554-02,조직행동,Null,,Null,전필,3,3,김정식,"월5,수6",Null,,,
1505,5080-2-8554-03,조직행동,Null,,Null,전필,3,3,박준형,"화2,목1",Null,,,
1506,5080-2-8554-04,조직행동,외국인만 수강가능,,Null,전필,3,3,박설연,"월2,수1",외국인전용,,,
1507,5080-2-8555-01,MIS개론,Null,,Null,전필,3,3,최재운,"금3,4",원격수업50이상,,,
1508,5080-2-8555-02,MIS개론,외국인만 수강가능,,Null,전필,3,3,서상구,수6,"원격수업100,외국인전용",,,
1509,5080-2-8556-01,비즈니스데이터분석,Null,,Null,전선,3,3,이근필,"금1,2",Null,,,
1510,5080-2-8557-01,소비자행동,Null,,Null,전선,3,3,변숙은,"월5,수6",Null,,,
1511,5080-2-8557-02,소비자행동,Null,,Null,전선,3,3,변숙은,"월6,수5",Null,,,
1512,5080-3-0225-01,관리회계,Null,,Null,전선,3,3,김도형,"월6,수5",Null,,,
1513,5080-3-0225-02,관리회계,외국인만 수강가능,,Null,전선,3,3,송은진,"금3,4",외국인전용,,,
1514,5080-3-1149-01,유통관리,Null,,Null,전선,3,3,이인남,"화5,목6",Null,,,
1515,5080-3-1149-02,유통관리,외국인만 수강가능,,Null,전선,3,3,이인남,"화3,목4",외국인전용,,,
1516,5080-3-2017-01,정보화전략,Null,,Null,전선,3,3,박일규,"금1,2",Null,,,
1517,5080-3-2923-01,경영전략,Null,,Null,전선,3,3,이병헌,"월3,수4",Null,,,
1518,5080-3-3762-01,서비스경영관리,외국인만 수강가능,,Null,전선,3,3,변숙은,"금1,2","원격수업100,외국인전용",,,
1519,5080-3-4127-01,통합적마케팅커뮤니케이션,Null,,Null,전선,3,3,오세정,"목5,6",Null,,,
1520,5080-3-5148-01,증권투자론,Null,,Null,전선,3,3,이효정,"화3,목4",Null,,,
1521,5080-3-5218-01,경영데이터베이스,Null,,Null,전선,3,3,서상구,"월6,수5",Null,,,
1522,5080-3-5306-01,중급회계1,Null,,Null,전선,3,3,김성환,"화5,목6",Null,,,
1523,5080-3-5306-02,중급회계1,Null,,Null,전선,3,3,김성환,"화6,목5",Null,,,
1524,5080-3-5546-01,비즈니스인텔리전스,Null,,Null,전선,3,3,최재운,"화5,목6",Null,,,
1525,5080-3-5694-01,경력개발과취업전략,타학과생(다전공생 포함) 수강불가,,Null,전선,2,2,박준형,"목6,7",Null,,,
1526,5080-3-6108-01,경영시뮬레이션,Null,,Null,전선,3,3,김장엽,"월2,수1",Null,,,
1527,5080-3-8560-01,노사관계,Null,,Null,전선,3,3,박준형,"화5,목6",Null,,,
1528,5080-3-8560-02,노사관계,Null,,Null,전선,3,3,박준형,"화6,목5",Null,,,
1529,5080-3-9241-01,조직문화와리더십,Null,,Null,전선,3,3,김정식,"금3,4",원격수업50이상,,,
1530,5080-4-0345-01,금융시장론,Null,,Null,전선,3,3,한재현,"월6,수5",영어50?,,,
1531,5080-4-2183-01,재무분석,Null,,Null,전선,3,3,Null,"월4,수3",Null,,,
1532,5080-4-3973-01,자산운용심화,Null,,Null,전선,3,3,장민기,"금1,2",Null,,,
1533,5080-4-4040-01,품질경영,Null,,Null,전선,3,3,김지현,"월6,수5",Null,,,
1534,5080-4-4448-01,경영사례연구,Null,,Null,전선,3,3,이병헌,"월4,수3",Null,,,
1535,5080-4-7882-01,성공적인창업계획,Null,,Null,전선,3,3,이현경,"월6,수5",창업교과목,,,
1536,5080-4-8112-01,경영실무(캡스톤설계),Null,,Null,전선,3,3,임시혁,"월5,수6",Null,,,
1537,5080-4-8558-01,비즈니스아이템발견,Null,,Null,전선,3,3,이병헌,"월2,수1",Null,,,
1538,5080-4-8559-01,비쥬얼애널리틱스,Null,,Null,전선,3,3,최재운,"화3,목4",Null,,,
1539,5080-4-8563-01,혁신제품의사업화마케팅,Null,,Null,전선,3,3,김도형,"금3,4",Null,,,
1540,5080-4-8564-01,사업과금융,Null,,Null,전선,3,3,송영출,"금5,6",원격수업100?,,,
1541,5080-4-9246-01,가치평가론,Null,,Null,전선,3,3,한재현,"화4,목3",영어50?,,,
1542,5080-4-9731-01,회계디지털데이터활용과분석,Null,,Null,전선,3,3,정아름,"금3,4",Null,,,
1543,5100-1-3806-01,전공미리보기(OT학기제),"B5,B6",,Null,전선,1,1,정재휘,"금5,6",학과별 운영방식에 따라 별도로 운 영함,,,
1544,5100-1-0129-01,경제학원론,"B5,B6",,Null,전선,3,3,박희대,"월4,수3",Null,,,
1545,5100-1-4449-01,국제통상학개론,"B5,B6",,Null,전필,3,3,정재휘/홍의/박희대,"화5,목6",팀티칭강의,,,
1546,5100-1-4449-02,국제통상학개론,외국인만 수강가능,,Null,전필,3,3,이주윤,Null,"원격수업100,외국인전용",,,
1547,5100-1-4488-01,경제경영통계,"B5,B6",,Null,전필,3,3,임종수,"화3,목4",Null,,,
1548,5100-1-9214-01,일본어기초1,"B5,B6",,Null,전필,3,3,후지무라마이,"화4,목3",일본어50?,,,
1549,5100-1-9215-01,중국어기초1,"B5,B6",,Null,전필,3,3,이가은,"월5,수6",중국어50?,,,
1550,5100-1-9215-02,중국어기초1,"B5,B6",,Null,전필,3,3,곡효운,"월1,수2",중국어50?,,,
1551,5100-1-9926-01,생활속의글로벌경제,외국인만 수강가능,,Null,전선,3,3,심상렬,Null,"원격수업100,외국인전용",,,
1552,5100-2-0048-01,거시경제학,Null,,Null,전필,3,3,임종수,"화4,목3",Null,,,
1553,5100-2-0048-02,거시경제학,외국인만 수강가능,,Null,전필,3,3,강인성,"금3,4",외국인전용,,,
1554,5100-2-0613-01,미시경제학,Null,,Null,전필,3,3,박희대,"월1,수2",Null,,,
1555,5100-2-0613-02,미시경제학,Null,,Null,전필,3,3,박희대,"월3,수4",Null,,,
1556,5100-2-3295-01,국제비즈니스영어,Null,,Null,전필,3,3,황정미,"금5,6",영어 50?,,,
1557,5100-2-3295-02,국제비즈니스영어,Null,,Null,전필,3,3,김민정,"월1,2",영어50?,,,
1558,5100-2-5096-01,중국어청취연습,Null,,Null,전필,3,3,이가은,"월4,수3",중국어50?,,,
1559,5100-2-5096-02,중국어청취연습,Null,,Null,전필,3,3,변성연,"화1,2",중국어50?,,,
1560,5100-2-5551-01,중급일본어연습,Null,,Null,전필,3,3,이승영,"월4,수3",일본어50?,,,
1561,5100-2-5576-01,무역상무,Null,,Null,전필,3,3,홍의,"화1,목2",영어50?,,,
1562,5100-2-5576-02,무역상무,Null,,Null,전필,3,3,홍의,"화2,목1",영어50?,,,
1563,5100-2-5576-03,무역상무,외국인만 수강가능,,Null,전필,3,3,홍의,Null,"영어50,원격수업100,외국인전용",,,
1564,5100-2-6182-01,경제경영수학,Null,,Null,전선,3,3,임종수,"화6,목5",Null,,,
1565,5100-2-8081-01,기업가정신과startup,Null,,Null,전선,3,3,배상필,"화3,4",창업교과목,,,
1566,5100-3-0119-01,경제계량분석,Null,,Null,전선,3,3,박희대,"월2,수1",Null,,,
1567,5100-3-0309-01,국제마케팅,Null,,Null,전선,3,3,정재휘,"월4,수3",TBL강의,,,
1568,5100-3-0309-02,국제마케팅,외국인만 수강가능,,Null,전선,3,3,김용현,"금1,2","외국인전용,TBL강의",,,
1569,5100-3-0310-01,국제무역론,Null,,Null,전선,3,3,정수지,"월5,6",Null,,,
1570,5100-3-0538-01,무역관계법,Null,,Null,전선,3,3,이주윤,"화4,목3",Null,,,
1571,5100-3-2387-01,중국경제론,Null,,Null,전선,3,3,이가은,수4,원격수업50이상,,,
1572,5100-3-4614-01,국제물류관리론,Null,,Null,전선,3,3,김진수,"목3,4",Null,,,
1573,5100-3-6183-01,비즈니스협상론,Null,,Null,전선,3,3,최용민,"수5,6",Null,,,
1574,5100-3-8113-01,전시기획및바이어상담실습,Null,,Null,전선,3,3,전재일,"금5,6",Null,,,
1575,5100-3-9714-01,시장조사방법론,Null,,Null,전선,3,3,정재휘,"월3,수4",PBL강의,,,
1576,5100-4-1925-01,화폐금융론,Null,,Null,전선,3,3,오동석,"금5,6",Null,,,
1577,5100-4-3773-01,캡스톤설계국제통상실습,Null,,Null,전선,3,3,하도윤,"금3,4",Null,,,
1578,5100-4-4491-01,FTA와경제통합,Null,,Null,전선,3,3,이주윤,"화6,목5",세미나강의,,,
1589,J020-1-3806-01,전공미리보기(OT학기제),V1,,Null,전선,1,1,김신영,Null,학과별 운영방식에 따라 별도로 운 영함,,,
1590,J020-1-3264-01,금융자산관리론,V1,,Null,전선,3,3,김신영,"토3,4",Null,,,
1591,J020-1-3761-01,법학기초론,V1,,Null,전선,3,3,김신영,"수7,8,9",원격수업50이상,,,
1592,J020-1-4967-01,계약법기초,V1,,Null,전선,3,3,Null,"수10,11,12",원격수업50이상,,,
1593,J030-1-3806-01,전공미리보기(OT학기제),V2,,Null,전선,1,1,조수영,Null,학과별 운영방식에 따라 별도로 운 영함,,,
1594,J030-1-4971-01,그래픽스1,V2,,Null,전선,3,3,조수영,Null,원격수업100?,,,
1595,J030-1-7424-01,게임학의이해,V2,,Null,전필,3,3,정형원,"수9,10,11",PBL강의,,,
1596,J040-1-3806-01,전공미리보기(OT학기제),V3,,Null,전선,1,1,Null,Null,학과별 운영방식에 따라 별도로 운 영함,,,
1597,J040-1-4972-01,전기전자개론,V3,,Null,전필,3,3,손광철,"수9,10,11",세미나강의,,,
1598,J040-1-4974-01,공학수학,V3,,Null,전선,3,3,황이환,Null,원격수업100?,,,
1599,J050-1-3806-01,전공미리보기(OT학기제),V4,,Null,전선,1,1,Null,Null,학과별 운영방식에 따라 별도로 운 영함,,,
1600,J050-1-4975-01,스포츠법과윤리,V4,,Null,전선,3,3,Null,"수7,8,9",원격수업100?,,,
1601,J050-1-4978-01,스포츠안전및응급처치,V4,,Null,전선,3,3,Null,"수10,11,12",원격수업100?,,,
1602,0000-2-7364-01,컴퓨터개론및활용,Null,,연선,전선,3,3,이현주,"금1,2",융합S/W,,,
1603,0000-4-9755-01,융합SW프로젝트,Null,,연선,전선,3,3,Null,"금3,4",Null,,,
1604,0000-2-6236-01,경찰학,Null,,연선,전선,3,3,Null,"화3,4",경찰학·범죄학,,,
1605,0000-3-6363-01,범죄수사론,Null,,연선,전선,3,3,안상원,"월7,8,9",Null,,,
1606,0000-2-3430-01,인간행동과사회환경,Null,,연필,전선,3,3,구지윤,"화5,6",사회복지학,,,
1607,0000-2-6240-01,사회복지학개론,Null,,연필,전선,3,3,김고은,"수5,6",Null,,,
1608,0000-3-2313-01,사회복지행정론,Null,,연필,전선,3,3,정세희,"금1,2",Null,,,
1609,0000-3-5135-01,청소년복지론,Null,,연필,전선,3,3,김순자,"목5,6",Null,,,
1610,0000-4-6577-01,장애인복지론,Null,,연필,전선,3,3,김정인,"월7,8,9",Null,,,
1611,0000-2-8652-01,OTT컨텐츠기획,Null,,연선,전선,3,3,이희대,"목1,2",OTT미디어프로듀싱,,,
1612,0000-4-3104-01,OTT플랫폼전략,Null,,연선,전선,3,3,이희대,"목3,4",Null,,,
1613,0000-4-9199-01,코칭실습및슈퍼비전,Null,,연선,전선,3,3,하규영,"월3,수4",리더십코칭,,,
1614,0000-3-9768-01,빅데이터자연어처리,Null,,연선,전선,3,3,이청호,"수5,6",언어빅데이터,,,
1615,0000-2-3796-01,기초그래픽디자인,Null,,연선,전선,3,4,이보용,"금0,1,2",실감미디어,,,
1616,0000-4-4750-01,인공지능반도체설계프로젝트,Null,,연필,전선,3,3,Null,"금3,4",인공지능반도체,,,
1623,7000-3-3918-01,전자및에너지재료공학,Null,,Null,전선,3,3,손희상,"금3,4",Null,,,
1638,0000-2-5062-01,KW-VIP 2024-1(인간 중심 멀티모달 AI 개발),Null,,Null,일선,2,2,최영석,Null,Null,,,
1639,0000-2-5062-02,KW-VIP 2024-1(하이브리드 인간 중심 기반 감성 인공지능),Null,,Null,일선,2,2,김형국,Null,Null,,,
1640,0000-2-5062-03,KW-VIP 2024-1(지능형 영상 자동 분석 시스템),Null,,Null,일선,2,2,심동규,Null,Null,,,
1641,0000-2-5062-04,KW-VIP 2024-1(빅데이터 및 인공지능 기반의 금융 투자 소프트웨어 개발),Null,,Null,일선,2,2,이기훈,Null,Null,,,
1642,0000-2-5062-05,KW-VIP 2024-1(친환경 고용량 이차전지용 신소재),Null,,Null,일선,2,2,손희상,Null,Null,,,
1643,0000-2-5062-06,KW-VIP 2024-1(친환경 플라즈마 의과학 시스템 개발),Null,,Null,일선,2,2,최은하,Null,Null,,,
1644,0000-2-5062-07,KW-VIP 2024-1(전기화학 센서 및 에너지 시스템),Null,,Null,일선,2,2,김양래,Null,Null,,,
1645,0000-2-5062-08,KW-VIP 2024-1(구리 촉매 시스템을 사용한 유기 반응 개발),Null,,Null,일선,2,2,이윤미,Null,Null,,,
1646,0000-2-5062-09,KW-VIP 2024-1(전문 헬스케어 인재 육성 프로그램),Null,,Null,일선,2,2,박석,Null,Null,,,
1647,0000-2-5062-10,KW-VIP 2024-1(미래 모빌리티 사용자 경험 연구),Null,,Null,일선,2,2,황동욱,Null,Null,,,
