,순번,연도,학기,학과/교양영역,구분,과목명,학점,강의시간,담당교수,비 고,수강가능한 학과,전공 인정 학과 ,테마,기타
0,1,24,summer,전체공통(정보),교필,C프로그래밍,3,"1,2교시",정진범,,"E1,E2,E3,E4,E5,E6,E7,E8,J1,J2,J3,J4,T1,T2,C1,C2,C3,C4,C5,C6,C7,C8,C9,J5,J6,J7,J8,A1,A2,K1,K2,K3,N1,N2,N3,N4,N5,P1,B1,B2,B3,B4,B5,B6,R1,R2,R3,R4,R5,M1,M2,S1,S2,S3,L1,L2,L3,V1,V2,V3,V4",,정보,
1,2,24,summer,"전체공통
(글로벌문화와제2외국어)",교선,초급중국어1,3,15일,곡효운,원격강의 (사전녹화 100%),"E1,E2,E3,E4,E5,E6,E7,E8,J1,J2,J3,J4,T1,T2,C1,C2,C3,C4,C5,C6,C7,C8,C9,J5,J6,J7,J8,A1,A2,K1,K2,K3,N1,N2,N3,N4,N5,P1,B1,B2,B3,B4,B5,B6,R1,R2,R3,R4,R5,M1,M2,S1,S2,S3,L1,L2,L3,V1,V2,V3,V4",,글로벌문화와제2외국어,"(구,기초중국어회화1)"
2,3,24,summer,"전체공통
(글로벌문화와제2외국어)",교선,일본애니메이션과문화,3,"3,4교시",유양근,원격강의 (사전녹화 87%),"E1,E2,E3,E4,E5,E6,E7,E8,J1,J2,J3,J4,T1,T2,C1,C2,C3,C4,C5,C6,C7,C8,C9,J5,J6,J7,J8,A1,A2,K1,K2,K3,N1,N2,N3,N4,N5,P1,B1,B2,B3,B4,B5,B6,R1,R2,R3,R4,R5,M1,M2,S1,S2,S3,L1,L2,L3,V1,V2,V3,V4",,글로벌문화와제2외국어,
3,4,24,summer,"전체공통
(글로벌문화와제2외국어)",교선,초급일본어1,3,"3,4교시",김희성,,"E1,E2,E3,E4,E5,E6,E7,E8,J1,J2,J3,J4,T1,T2,C1,C2,C3,C4,C5,C6,C7,C8,C9,J5,J6,J7,J8,A1,A2,K1,K2,K3,N1,N2,N3,N4,N5,P1,B1,B2,B3,B4,B5,B6,R1,R2,R3,R4,R5,M1,M2,S1,S2,S3,L1,L2,L3,V1,V2,V3,V4",,글로벌문화와제2외국어,
4,5,24,summer,전체공통(예술과체육),교선,대중음악의역사,3,15일,김철수,원격강의 (사전녹화 100%),"E1,E2,E3,E4,E5,E6,E7,E8,J1,J2,J3,J4,T1,T2,C1,C2,C3,C4,C5,C6,C7,C8,C9,J5,J6,J7,J8,A1,A2,K1,K2,K3,N1,N2,N3,N4,N5,P1,B1,B2,B3,B4,B5,B6,R1,R2,R3,R4,R5,M1,M2,S1,S2,S3,L1,L2,L3,V1,V2,V3,V4",,예술과체육,
5,6,24,summer,전체공통(예술과체육),교선,생활속의디자인,3,"4,5교시",김문석,,"E1,E2,E3,E4,E5,E6,E7,E8,J1,J2,J3,J4,T1,T2,C1,C2,C3,C4,C5,C6,C7,C8,C9,J5,J6,J7,J8,A1,A2,K1,K2,K3,N1,N2,N3,N4,N5,P1,B1,B2,B3,B4,B5,B6,R1,R2,R3,R4,R5,M1,M2,S1,S2,S3,L1,L2,L3,V1,V2,V3,V4",,예술과체육,
6,7,24,summer,전체공통(수학),교선,공학수학1,3,"1,2교시",장정환,,"E1,E2,E3,E4,E5,E6,E7,E8,J1,J2,J3,J4,T1,T2,C1,C2,C3,C4,C5,C6,C7,C8,C9,J5,J6,J7,J8,A1,A2,K1,K2,K3,N1,N2,N3,N4,N5,P1,B1,B2,B3,B4,B5,B6,R1,R2,R3,R4,R5,M1,M2,S1,S2,S3,L1,L2,L3,V1,V2,V3,V4",,수학,
7,8,24,summer,전체공통(수학),교선,공학수학1,3,"5,6교시",최현옥,,"E1,E2,E3,E4,E5,E6,E7,E8,J1,J2,J3,J4,T1,T2,C1,C2,C3,C4,C5,C6,C7,C8,C9,J5,J6,J7,J8,A1,A2,K1,K2,K3,N1,N2,N3,N4,N5,P1,B1,B2,B3,B4,B5,B6,R1,R2,R3,R4,R5,M1,M2,S1,S2,S3,L1,L2,L3,V1,V2,V3,V4",,수학,
8,9,24,summer,전체공통(수학),교선,공학수학2,3,"3,4교시",윤미,,"E1,E2,E3,E4,E5,E6,E7,E8,J1,J2,J3,J4,T1,T2,C1,C2,C3,C4,C5,C6,C7,C8,C9,J5,J6,J7,J8,A1,A2,K1,K2,K3,N1,N2,N3,N4,N5,P1,B1,B2,B3,B4,B5,B6,R1,R2,R3,R4,R5,M1,M2,S1,S2,S3,L1,L2,L3,V1,V2,V3,V4",,수학,
9,10,24,summer,전체공통(수학),교선,공학수학2,3,"5,6교시",안소영,,"E1,E2,E3,E4,E5,E6,E7,E8,J1,J2,J3,J4,T1,T2,C1,C2,C3,C4,C5,C6,C7,C8,C9,J5,J6,J7,J8,A1,A2,K1,K2,K3,N1,N2,N3,N4,N5,P1,B1,B2,B3,B4,B5,B6,R1,R2,R3,R4,R5,M1,M2,S1,S2,S3,L1,L2,L3,V1,V2,V3,V4",,수학,
10,11,24,summer,전체공통(수학),교선,기초수학및연습,3,"5,6교시",서보윤,,"E1,E2,E3,E4,E5,E6,E7,E8,J1,J2,J3,J4,T1,T2,C1,C2,C3,C4,C5,C6,C7,C8,C9,J5,J6,J7,J8,A1,A2,K1,K2,K3,N1,N2,N3,N4,N5,P1,B1,B2,B3,B4,B5,B6,R1,R2,R3,R4,R5,M1,M2,S1,S2,S3,L1,L2,L3,V1,V2,V3,V4",,수학,
11,12,24,summer,전체공통(수학),교선,대학수학및연습1,3,"1,2교시",홍석영,,"E1,E2,E3,E4,E5,E6,E7,E8,J1,J2,J3,J4,T1,T2,C1,C2,C3,C4,C5,C6,C7,C8,C9,J5,J6,J7,J8,A1,A2,K1,K2,K3,N1,N2,N3,N4,N5,P1,B1,B2,B3,B4,B5,B6,R1,R2,R3,R4,R5,M1,M2,S1,S2,S3,L1,L2,L3,V1,V2,V3,V4",,수학,
12,13,24,summer,전체공통(수학),교선,대학수학및연습1,3,"3,4교시",김소영,,"E1,E2,E3,E4,E5,E6,E7,E8,J1,J2,J3,J4,T1,T2,C1,C2,C3,C4,C5,C6,C7,C8,C9,J5,J6,J7,J8,A1,A2,K1,K2,K3,N1,N2,N3,N4,N5,P1,B1,B2,B3,B4,B5,B6,R1,R2,R3,R4,R5,M1,M2,S1,S2,S3,L1,L2,L3,V1,V2,V3,V4",,수학,
13,14,24,summer,전체공통(수학),교선,대학수학및연습1,3,"5,6교시",권윤기,,"E1,E2,E3,E4,E5,E6,E7,E8,J1,J2,J3,J4,T1,T2,C1,C2,C3,C4,C5,C6,C7,C8,C9,J5,J6,J7,J8,A1,A2,K1,K2,K3,N1,N2,N3,N4,N5,P1,B1,B2,B3,B4,B5,B6,R1,R2,R3,R4,R5,M1,M2,S1,S2,S3,L1,L2,L3,V1,V2,V3,V4",,수학,
14,15,24,summer,전체공통(수학),교선,대학수학및연습2,3,"1,2교시",류송분,,"E1,E2,E3,E4,E5,E6,E7,E8,J1,J2,J3,J4,T1,T2,C1,C2,C3,C4,C5,C6,C7,C8,C9,J5,J6,J7,J8,A1,A2,K1,K2,K3,N1,N2,N3,N4,N5,P1,B1,B2,B3,B4,B5,B6,R1,R2,R3,R4,R5,M1,M2,S1,S2,S3,L1,L2,L3,V1,V2,V3,V4",,수학,
15,16,24,summer,전체공통(수학),교선,대학수학및연습2,3,"5,6교시",박정준,,"E1,E2,E3,E4,E5,E6,E7,E8,J1,J2,J3,J4,T1,T2,C1,C2,C3,C4,C5,C6,C7,C8,C9,J5,J6,J7,J8,A1,A2,K1,K2,K3,N1,N2,N3,N4,N5,P1,B1,B2,B3,B4,B5,B6,R1,R2,R3,R4,R5,M1,M2,S1,S2,S3,L1,L2,L3,V1,V2,V3,V4",,수학,
16,17,24,summer,전체공통(수학),교선,벡터해석학및연습,3,"1,2교시",최종성,,"E1,E2,E3,E4,E5,E6,E7,E8,J1,J2,J3,J4,T1,T2,C1,C2,C3,C4,C5,C6,C7,C8,C9,J5,J6,J7,J8,A1,A2,K1,K2,K3,N1,N2,N3,N4,N5,P1,B1,B2,B3,B4,B5,B6,R1,R2,R3,R4,R5,M1,M2,S1,S2,S3,L1,L2,L3,V1,V2,V3,V4",,수학,
17,18,24,summer,전체공통(수학),교선,선형대수학,3,"1,2교시",박경은,,"E1,E2,E3,E4,E5,E6,E7,E8,J1,J2,J3,J4,T1,T2,C1,C2,C3,C4,C5,C6,C7,C8,C9,J5,J6,J7,J8,A1,A2,K1,K2,K3,N1,N2,N3,N4,N5,P1,B1,B2,B3,B4,B5,B6,R1,R2,R3,R4,R5,M1,M2,S1,S2,S3,L1,L2,L3,V1,V2,V3,V4",,수학,
18,19,24,summer,전체공통(실용영어),교필,대학영어,3,"3,4교시",신승한,,"E1,E2,E3,E4,E5,E6,E7,E8,J1,J2,J3,J4,T1,T2,C1,C2,C3,C4,C5,C6,C7,C8,C9,J5,J6,J7,J8,A1,A2,K1,K2,K3,N1,N2,N3,N4,N5,P1,B1,B2,B3,B4,B5,B6,R1,R2,R3,R4,R5,M1,M2,S1,S2,S3,L1,L2,L3,V1,V2,V3,V4",,실용영어,
19,20,24,summer,전체공통(실용영어),교필,대학영어,3,"4,5교시",정지수,,"E1,E2,E3,E4,E5,E6,E7,E8,J1,J2,J3,J4,T1,T2,C1,C2,C3,C4,C5,C6,C7,C8,C9,J5,J6,J7,J8,A1,A2,K1,K2,K3,N1,N2,N3,N4,N5,P1,B1,B2,B3,B4,B5,B6,R1,R2,R3,R4,R5,M1,M2,S1,S2,S3,L1,L2,L3,V1,V2,V3,V4",,실용영어,
20,21,24,summer,전체공통(실용영어),교선,TOEIC연습1,3,"3,4교시",이종국,,"E1,E2,E3,E4,E5,E6,E7,E8,J1,J2,J3,J4,T1,T2,C1,C2,C3,C4,C5,C6,C7,C8,C9,J5,J6,J7,J8,A1,A2,K1,K2,K3,N1,N2,N3,N4,N5,P1,B1,B2,B3,B4,B5,B6,R1,R2,R3,R4,R5,M1,M2,S1,S2,S3,L1,L2,L3,V1,V2,V3,V4",,실용영어,
21,22,24,summer,전체공통(실용영어),교선,영미드라마와영화,3,"1,2교시",고현아,,"E1,E2,E3,E4,E5,E6,E7,E8,J1,J2,J3,J4,T1,T2,C1,C2,C3,C4,C5,C6,C7,C8,C9,J5,J6,J7,J8,A1,A2,K1,K2,K3,N1,N2,N3,N4,N5,P1,B1,B2,B3,B4,B5,B6,R1,R2,R3,R4,R5,M1,M2,S1,S2,S3,L1,L2,L3,V1,V2,V3,V4",,실용영어,
22,23,24,summer,전체공통(실용영어),교선,취업영어스피킹,3,"1,2교시",이진영,,"E1,E2,E3,E4,E5,E6,E7,E8,J1,J2,J3,J4,T1,T2,C1,C2,C3,C4,C5,C6,C7,C8,C9,J5,J6,J7,J8,A1,A2,K1,K2,K3,N1,N2,N3,N4,N5,P1,B1,B2,B3,B4,B5,B6,R1,R2,R3,R4,R5,M1,M2,S1,S2,S3,L1,L2,L3,V1,V2,V3,V4",,실용영어,
23,24,24,summer,전체공통(사회와경제),교선,미디어를통한범죄의이해,3,"3,4교시",한재경,,"E1,E2,E3,E4,E5,E6,E7,E8,J1,J2,J3,J4,T1,T2,C1,C2,C3,C4,C5,C6,C7,C8,C9,J5,J6,J7,J8,A1,A2,K1,K2,K3,N1,N2,N3,N4,N5,P1,B1,B2,B3,B4,B5,B6,R1,R2,R3,R4,R5,M1,M2,S1,S2,S3,L1,L2,L3,V1,V2,V3,V4",,사회와경제,
24,25,24,summer,전체공통(사회와경제),교선,실전!취업전략,3,"1,2교시",김정권,,"E1,E2,E3,E4,E5,E6,E7,E8,J1,J2,J3,J4,T1,T2,C1,C2,C3,C4,C5,C6,C7,C8,C9,J5,J6,J7,J8,A1,A2,K1,K2,K3,N1,N2,N3,N4,N5,P1,B1,B2,B3,B4,B5,B6,R1,R2,R3,R4,R5,M1,M2,S1,S2,S3,L1,L2,L3,V1,V2,V3,V4",,사회와경제,
25,26,24,summer,전체공통(사회와경제),교선,인간심리의이해,3,"2,3교시",김기년,,"E1,E2,E3,E4,E5,E6,E7,E8,J1,J2,J3,J4,T1,T2,C1,C2,C3,C4,C5,C6,C7,C8,C9,J5,J6,J7,J8,A1,A2,K1,K2,K3,N1,N2,N3,N4,N5,P1,B1,B2,B3,B4,B5,B6,R1,R2,R3,R4,R5,M1,M2,S1,S2,S3,L1,L2,L3,V1,V2,V3,V4",,사회와경제,
26,27,24,summer,전체공통(사회와경제),교선,테크니컬라이팅길라잡이,3,"3,4교시",김정권,,"E1,E2,E3,E4,E5,E6,E7,E8,J1,J2,J3,J4,T1,T2,C1,C2,C3,C4,C5,C6,C7,C8,C9,J5,J6,J7,J8,A1,A2,K1,K2,K3,N1,N2,N3,N4,N5,P1,B1,B2,B3,B4,B5,B6,R1,R2,R3,R4,R5,M1,M2,S1,S2,S3,L1,L2,L3,V1,V2,V3,V4",,사회와경제,
27,28,24,summer,전체공통(사회와경제),교선,현대사회와법률,3,"1,2교시",한재경,,"E1,E2,E3,E4,E5,E6,E7,E8,J1,J2,J3,J4,T1,T2,C1,C2,C3,C4,C5,C6,C7,C8,C9,J5,J6,J7,J8,A1,A2,K1,K2,K3,N1,N2,N3,N4,N5,P1,B1,B2,B3,B4,B5,B6,R1,R2,R3,R4,R5,M1,M2,S1,S2,S3,L1,L2,L3,V1,V2,V3,V4",,사회와경제,
28,29,24,summer,전체공통(화학),교선,대학화학및실험1,3,"1,2,3교시",손희상,"실험장소: 비마관704호
실습일: 6.24(월), 6.26(수), 6.27(목), 7.1(월), 7.2(화), 7.3(수), 3교시","E1,E2,E3,E4,E5,E6,E7,E8,J1,J2,J3,J4,T1,T2,C1,C2,C3,C4,C5,C6,C7,C8,C9,J5,J6,J7,J8,A1,A2,K1,K2,K3,N1,N2,N3,N4,N5,P1,B1,B2,B3,B4,B5,B6,R1,R2,R3,R4,R5,M1,M2,S1,S2,S3,L1,L2,L3,V1,V2,V3,V4",,화학,
29,30,24,summer,전체공통(물리),교선,대학물리및실험1,3,"1,2,3,4교시",최진성,"실험 실습 장소 : 비마관 430호
실습일 : 06/24(월), 06/25(화), 06/26(수), 06/27(목) 3, 4교시","E1,E2,E3,E4,E5,E6,E7,E8,J1,J2,J3,J4,T1,T2,C1,C2,C3,C4,C5,C6,C7,C8,C9,J5,J6,J7,J8,A1,A2,K1,K2,K3,N1,N2,N3,N4,N5,P1,B1,B2,B3,B4,B5,B6,R1,R2,R3,R4,R5,M1,M2,S1,S2,S3,L1,L2,L3,V1,V2,V3,V4",,물리,
31,32,24,summer,국제통상학부,전필,국제비즈니스영어,3,"3,4교시",황정미,원격강의 (사전녹화 50%),"E1,E2,E3,E4,E5,E6,E7,E8,J1,J2,J3,J4,T1,T2,C1,C2,C3,C4,C5,C6,C7,C8,C9,J5,J6,J7,J8,A1,A2,K1,K2,K3,N1,N2,N3,N4,N5,P1,B1,B2,B3,B4,B5,B6,R1,R2,R3,R4,R5,M1,M2,S1,S2,S3,L1,L2,L3,V1,V2,V3,V4","B5,B6",,
32,33,24,summer,국제통상학부,전필,무역상무,3,15일,홍의,원격강의 (사전녹화 100%),"E1,E2,E3,E4,E5,E6,E7,E8,J1,J2,J3,J4,T1,T2,C1,C2,C3,C4,C5,C6,C7,C8,C9,J5,J6,J7,J8,A1,A2,K1,K2,K3,N1,N2,N3,N4,N5,P1,B1,B2,B3,B4,B5,B6,R1,R2,R3,R4,R5,M1,M2,S1,S2,S3,L1,L2,L3,V1,V2,V3,V4","B5,B6",,
33,34,24,summer,법학부,전선,노동법사례연습,3,"2,3교시",이준희,신설,"E1,E2,E3,E4,E5,E6,E7,E8,J1,J2,J3,J4,T1,T2,C1,C2,C3,C4,C5,C6,C7,C8,C9,J5,J6,J7,J8,A1,A2,K1,K2,K3,N1,N2,N3,N4,N5,P1,B1,B2,B3,B4,B5,B6,R1,R2,R3,R4,R5,M1,M2,S1,S2,S3,L1,L2,L3,V1,V2,V3,V4","L1,L2,L3",,
34,35,24,summer,미디어커뮤니케이션학부,전선,OTT미디어와데이터사이언스,3,"1,2,3교시",김상연,10일 수업 (2024.06.24~2024.07.02),"E1,E2,E3,E4,E5,E6,E7,E8,J1,J2,J3,J4,T1,T2,C1,C2,C3,C4,C5,C6,C7,C8,C9,J5,J6,J7,J8,A1,A2,K1,K2,K3,N1,N2,N3,N4,N5,P1,B1,B2,B3,B4,B5,B6,R1,R2,R3,R4,R5,M1,M2,S1,S2,S3,L1,L2,L3,V1,V2,V3,V4","M1,M2",,
35,36,24,summer,미디어커뮤니케이션학부,전선,미디어리터러시,3,"3,4교시",정일권,계절학기 신설,"E1,E2,E3,E4,E5,E6,E7,E8,J1,J2,J3,J4,T1,T2,C1,C2,C3,C4,C5,C6,C7,C8,C9,J5,J6,J7,J8,A1,A2,K1,K2,K3,N1,N2,N3,N4,N5,P1,B1,B2,B3,B4,B5,B6,R1,R2,R3,R4,R5,M1,M2,S1,S2,S3,L1,L2,L3,V1,V2,V3,V4","M1,M2",,
36,37,24,summer,동북아문화산업학부,전선,실용영어연습1,3,"2,3교시",김연정,원격강의 (사전녹화 50%),"E1,E2,E3,E4,E5,E6,E7,E8,J1,J2,J3,J4,T1,T2,C1,C2,C3,C4,C5,C6,C7,C8,C9,J5,J6,J7,J8,A1,A2,K1,K2,K3,N1,N2,N3,N4,N5,P1,B1,B2,B3,B4,B5,B6,R1,R2,R3,R4,R5,M1,M2,S1,S2,S3,L1,L2,L3,V1,V2,V3,V4","R4,R5",,
37,38,24,summer,동북아문화산업학부,전선,JLPT일본어(3급문법),3,"3,4교시",김덕미,원격강의 (사전녹화 50%),"E1,E2,E3,E4,E5,E6,E7,E8,J1,J2,J3,J4,T1,T2,C1,C2,C3,C4,C5,C6,C7,C8,C9,J5,J6,J7,J8,A1,A2,K1,K2,K3,N1,N2,N3,N4,N5,P1,B1,B2,B3,B4,B5,B6,R1,R2,R3,R4,R5,M1,M2,S1,S2,S3,L1,L2,L3,V1,V2,V3,V4","R4,R5",,
38,39,24,summer,동북아문화산업학부,전선,실전중국어연습1,3,"5,6교시",김수정,원격강의 (실시간화상 50%),"E1,E2,E3,E4,E5,E6,E7,E8,J1,J2,J3,J4,T1,T2,C1,C2,C3,C4,C5,C6,C7,C8,C9,J5,J6,J7,J8,A1,A2,K1,K2,K3,N1,N2,N3,N4,N5,P1,B1,B2,B3,B4,B5,B6,R1,R2,R3,R4,R5,M1,M2,S1,S2,S3,L1,L2,L3,V1,V2,V3,V4","R4,R5",,
39,40,24,summer,동북아문화산업학부,전선,HSK연습1,3,"5,6교시",이명숙,,"E1,E2,E3,E4,E5,E6,E7,E8,J1,J2,J3,J4,T1,T2,C1,C2,C3,C4,C5,C6,C7,C8,C9,J5,J6,J7,J8,A1,A2,K1,K2,K3,N1,N2,N3,N4,N5,P1,B1,B2,B3,B4,B5,B6,R1,R2,R3,R4,R5,M1,M2,S1,S2,S3,L1,L2,L3,V1,V2,V3,V4","R4,R5",,
40,41,24,summer,동북아문화산업학부,전선,취업비즈니스일본어,3,"1,2교시",성호현,"원격강의 (사전녹화 50%)
<취업비즈니스일본어1> 동일과목","E1,E2,E3,E4,E5,E6,E7,E8,J1,J2,J3,J4,T1,T2,C1,C2,C3,C4,C5,C6,C7,C8,C9,J5,J6,J7,J8,A1,A2,K1,K2,K3,N1,N2,N3,N4,N5,P1,B1,B2,B3,B4,B5,B6,R1,R2,R3,R4,R5,M1,M2,S1,S2,S3,L1,L2,L3,V1,V2,V3,V4","R4,R5",,
41,42,24,summer,소프트웨어학부,전선,클라우드컴퓨팅,3,"1,2교시",최웅철,,"E1,E2,E3,E4,E5,E6,E7,E8,J1,J2,J3,J4,T1,T2,C1,C2,C3,C4,C5,C6,C7,C8,C9,J5,J6,J7,J8,A1,A2,K1,K2,K3,N1,N2,N3,N4,N5,P1,B1,B2,B3,B4,B5,B6,R1,R2,R3,R4,R5,M1,M2,S1,S2,S3,L1,L2,L3,V1,V2,V3,V4","C4,C5,C6",,
42,43,24,summer,전체공통,교선,기업경영과비즈니스전략,3,,한양대학교 김아라,,"E1,E2,E3,E4,E5,E6,E7,E8,J1,J2,J3,J4,T1,T2,C1,C2,C3,C4,C5,C6,C7,C8,C9,J5,J6,J7,J8,A1,A2,K1,K2,K3,N1,N2,N3,N4,N5,P1,B1,B2,B3,B4,B5,B6,R1,R2,R3,R4,R5,M1,M2,S1,S2,S3,L1,L2,L3,V1,V2,V3,V4",,,
43,44,24,summer,전체공통,교선,상상과창조,3,,한양대학교 유영만,,"E1,E2,E3,E4,E5,E6,E7,E8,J1,J2,J3,J4,T1,T2,C1,C2,C3,C4,C5,C6,C7,C8,C9,J5,J6,J7,J8,A1,A2,K1,K2,K3,N1,N2,N3,N4,N5,P1,B1,B2,B3,B4,B5,B6,R1,R2,R3,R4,R5,M1,M2,S1,S2,S3,L1,L2,L3,V1,V2,V3,V4",,,
44,45,24,summer,전체공통,교선,채움과비움(나이듦의인문학적이해),3,,한양대학교 윤성호,,"E1,E2,E3,E4,E5,E6,E7,E8,J1,J2,J3,J4,T1,T2,C1,C2,C3,C4,C5,C6,C7,C8,C9,J5,J6,J7,J8,A1,A2,K1,K2,K3,N1,N2,N3,N4,N5,P1,B1,B2,B3,B4,B5,B6,R1,R2,R3,R4,R5,M1,M2,S1,S2,S3,L1,L2,L3,V1,V2,V3,V4",,,
45,46,24,summer,전체공통,교선,문화행정론:문화예술로행복한나라만들기,3,,한양대학교 김정수,,"E1,E2,E3,E4,E5,E6,E7,E8,J1,J2,J3,J4,T1,T2,C1,C2,C3,C4,C5,C6,C7,C8,C9,J5,J6,J7,J8,A1,A2,K1,K2,K3,N1,N2,N3,N4,N5,P1,B1,B2,B3,B4,B5,B6,R1,R2,R3,R4,R5,M1,M2,S1,S2,S3,L1,L2,L3,V1,V2,V3,V4",,,
46,47,24,summer,전체공통,교선,빅데이터시대의ESG트랜드,3,,한양대학교 김성희,,"E1,E2,E3,E4,E5,E6,E7,E8,J1,J2,J3,J4,T1,T2,C1,C2,C3,C4,C5,C6,C7,C8,C9,J5,J6,J7,J8,A1,A2,K1,K2,K3,N1,N2,N3,N4,N5,P1,B1,B2,B3,B4,B5,B6,R1,R2,R3,R4,R5,M1,M2,S1,S2,S3,L1,L2,L3,V1,V2,V3,V4",,,
47,48,24,summer,전체공통,교선,언어의품격:언어바르고품위있게사용하기,3,,한양대학교 전은진,,"E1,E2,E3,E4,E5,E6,E7,E8,J1,J2,J3,J4,T1,T2,C1,C2,C3,C4,C5,C6,C7,C8,C9,J5,J6,J7,J8,A1,A2,K1,K2,K3,N1,N2,N3,N4,N5,P1,B1,B2,B3,B4,B5,B6,R1,R2,R3,R4,R5,M1,M2,S1,S2,S3,L1,L2,L3,V1,V2,V3,V4",,,
48,49,24,summer,전체공통,교선,문화콘텐츠스토리텔링전략,3,,한양대학교 송화,,"E1,E2,E3,E4,E5,E6,E7,E8,J1,J2,J3,J4,T1,T2,C1,C2,C3,C4,C5,C6,C7,C8,C9,J5,J6,J7,J8,A1,A2,K1,K2,K3,N1,N2,N3,N4,N5,P1,B1,B2,B3,B4,B5,B6,R1,R2,R3,R4,R5,M1,M2,S1,S2,S3,L1,L2,L3,V1,V2,V3,V4",,,
49,50,24,summer,전체공통,교선,문화기술과사회변동,3,,한양대학교 두일철,,"E1,E2,E3,E4,E5,E6,E7,E8,J1,J2,J3,J4,T1,T2,C1,C2,C3,C4,C5,C6,C7,C8,C9,J5,J6,J7,J8,A1,A2,K1,K2,K3,N1,N2,N3,N4,N5,P1,B1,B2,B3,B4,B5,B6,R1,R2,R3,R4,R5,M1,M2,S1,S2,S3,L1,L2,L3,V1,V2,V3,V4",,,
50,51,24,summer,전체공통,교선,저작권과스마트폰의이해,2,,건국대학교 정연덕,,"E1,E2,E3,E4,E5,E6,E7,E8,J1,J2,J3,J4,T1,T2,C1,C2,C3,C4,C5,C6,C7,C8,C9,J5,J6,J7,J8,A1,A2,K1,K2,K3,N1,N2,N3,N4,N5,P1,B1,B2,B3,B4,B5,B6,R1,R2,R3,R4,R5,M1,M2,S1,S2,S3,L1,L2,L3,V1,V2,V3,V4",,,
51,52,24,summer,전체공통,교선,미래소비사회와상품,2,,건국대학교 김시월,,"E1,E2,E3,E4,E5,E6,E7,E8,J1,J2,J3,J4,T1,T2,C1,C2,C3,C4,C5,C6,C7,C8,C9,J5,J6,J7,J8,A1,A2,K1,K2,K3,N1,N2,N3,N4,N5,P1,B1,B2,B3,B4,B5,B6,R1,R2,R3,R4,R5,M1,M2,S1,S2,S3,L1,L2,L3,V1,V2,V3,V4",,,
52,53,24,summer,전체공통,교선,21세기기업의인재상,3,,광운대학교 김정권,,"E1,E2,E3,E4,E5,E6,E7,E8,J1,J2,J3,J4,T1,T2,C1,C2,C3,C4,C5,C6,C7,C8,C9,J5,J6,J7,J8,A1,A2,K1,K2,K3,N1,N2,N3,N4,N5,P1,B1,B2,B3,B4,B5,B6,R1,R2,R3,R4,R5,M1,M2,S1,S2,S3,L1,L2,L3,V1,V2,V3,V4",,,
53,54,24,summer,전체공통,교선,색채심리와현대생활,3,,광운대학교 김문석,,"E1,E2,E3,E4,E5,E6,E7,E8,J1,J2,J3,J4,T1,T2,C1,C2,C3,C4,C5,C6,C7,C8,C9,J5,J6,J7,J8,A1,A2,K1,K2,K3,N1,N2,N3,N4,N5,P1,B1,B2,B3,B4,B5,B6,R1,R2,R3,R4,R5,M1,M2,S1,S2,S3,L1,L2,L3,V1,V2,V3,V4",,,
54,55,24,summer,전체공통,교선,글로벌시대의예술과가치,3,,광운대학교 도승연,,"E1,E2,E3,E4,E5,E6,E7,E8,J1,J2,J3,J4,T1,T2,C1,C2,C3,C4,C5,C6,C7,C8,C9,J5,J6,J7,J8,A1,A2,K1,K2,K3,N1,N2,N3,N4,N5,P1,B1,B2,B3,B4,B5,B6,R1,R2,R3,R4,R5,M1,M2,S1,S2,S3,L1,L2,L3,V1,V2,V3,V4",,,
55,56,24,summer,전체공통,교선,생활속의계약과협상,3,,광운대학교 심상렬,,"E1,E2,E3,E4,E5,E6,E7,E8,J1,J2,J3,J4,T1,T2,C1,C2,C3,C4,C5,C6,C7,C8,C9,J5,J6,J7,J8,A1,A2,K1,K2,K3,N1,N2,N3,N4,N5,P1,B1,B2,B3,B4,B5,B6,R1,R2,R3,R4,R5,M1,M2,S1,S2,S3,L1,L2,L3,V1,V2,V3,V4",,,
56,57,24,summer,전체공통,교선,전략적의사결정과문제해결,3,,광운대학교 박종구,,"E1,E2,E3,E4,E5,E6,E7,E8,J1,J2,J3,J4,T1,T2,C1,C2,C3,C4,C5,C6,C7,C8,C9,J5,J6,J7,J8,A1,A2,K1,K2,K3,N1,N2,N3,N4,N5,P1,B1,B2,B3,B4,B5,B6,R1,R2,R3,R4,R5,M1,M2,S1,S2,S3,L1,L2,L3,V1,V2,V3,V4",,,
57,58,24,summer,전체공통,교선,행복한금융생활,3,,광운대학교 송영출,,"E1,E2,E3,E4,E5,E6,E7,E8,J1,J2,J3,J4,T1,T2,C1,C2,C3,C4,C5,C6,C7,C8,C9,J5,J6,J7,J8,A1,A2,K1,K2,K3,N1,N2,N3,N4,N5,P1,B1,B2,B3,B4,B5,B6,R1,R2,R3,R4,R5,M1,M2,S1,S2,S3,L1,L2,L3,V1,V2,V3,V4",,,
58,59,24,summer,전체공통,교선,"화폐와금융의과거,현재,그리고미래",3,,한양대학교 현정환,,"E1,E2,E3,E4,E5,E6,E7,E8,J1,J2,J3,J4,T1,T2,C1,C2,C3,C4,C5,C6,C7,C8,C9,J5,J6,J7,J8,A1,A2,K1,K2,K3,N1,N2,N3,N4,N5,P1,B1,B2,B3,B4,B5,B6,R1,R2,R3,R4,R5,M1,M2,S1,S2,S3,L1,L2,L3,V1,V2,V3,V4",,,
59,60,24,summer,전체공통,교선,음식과세계문화,3,,덕성여자대학교 김건희,,"E1,E2,E3,E4,E5,E6,E7,E8,J1,J2,J3,J4,T1,T2,C1,C2,C3,C4,C5,C6,C7,C8,C9,J5,J6,J7,J8,A1,A2,K1,K2,K3,N1,N2,N3,N4,N5,P1,B1,B2,B3,B4,B5,B6,R1,R2,R3,R4,R5,M1,M2,S1,S2,S3,L1,L2,L3,V1,V2,V3,V4",,,
60,61,24,summer,전체공통,교선,그린IT의이해,3,,한성대학교 조세홍,,"E1,E2,E3,E4,E5,E6,E7,E8,J1,J2,J3,J4,T1,T2,C1,C2,C3,C4,C5,C6,C7,C8,C9,J5,J6,J7,J8,A1,A2,K1,K2,K3,N1,N2,N3,N4,N5,P1,B1,B2,B3,B4,B5,B6,R1,R2,R3,R4,R5,M1,M2,S1,S2,S3,L1,L2,L3,V1,V2,V3,V4",,,
